{"type": "FeatureCollection", "features": [{"type": "Feature", "properties": {"COUNTYNAME": "臺東縣", "name": "臺東縣"}, "geometry": {"type": "MultiPolygon", "coordinates": [[[[121.60085263601381, 22.018101150985373], [121.6011257724352, 22.01752133105734], [121.60103441155835, 22.017450154863756], [121.60085263601381, 22.018101150985373]]], [[[121.60098561994027, 21.95299305508705], [121.60173912258736, 21.953224331364716], [121.60144549100346, 21.952760056124788], [121.60098561994027, 21.95299305508705]]], [[[121.61461327251996, 21.950390208131726], [121.61489148862306, 21.9503638698091], [121.61483966888639, 21.95026285636158], [121.61461327251996, 21.950390208131726]]], [[[121.60863141154013, 21.944373623937583], [121.60327490734728, 21.95209409073791], [121.61371863542617, 21.954224439977246], [121.61449526075482, 21.946095304655366], [121.60863141154013, 21.944373623937583]]], [[[121.41886991009393, 23.224853710778348], [121.41903157431508, 23.224854643534346], [121.41906565291296, 23.224788351478335], [121.41886991009393, 23.224853710778348]]], [[[121.4182197938691, 23.224090637286515], [121.41836038927285, 23.22416095250629], [121.41837283837468, 23.22410886865066], [121.4182197938691, 23.224090637286515]]], [[[121.41776235838677, 23.22351633349582], [121.41792461628421, 23.223458315938494], [121.41782208728073, 23.223403061048945], [121.41776235838677, 23.22351633349582]]], [[[121.4172501454399, 23.223291077972167], [121.41756135653988, 23.22334993307505], [121.41727837391191, 23.22315566571572], [121.4172501454399, 23.223291077972167]]], [[[121.41523966386, 23.22045817173281], [121.41530463045694, 23.22044942134353], [121.41525917723543, 23.220429521174314], [121.41523966386, 23.22045817173281]]], [[[121.41519112440082, 23.219304938303313], [121.41579632548809, 23.219439696944015], [121.4153056239921, 23.219162995331086], [121.41519112440082, 23.219304938303313]]], [[[121.41406142817677, 23.21764154262177], [121.41413033492411, 23.217459445278273], [121.4140032275164, 23.217541107080287], [121.41406142817677, 23.21764154262177]]], [[[121.4126650094846, 23.21633750482503], [121.41281759714217, 23.216333853414525], [121.41269307767827, 23.21626270521096], [121.4126650094846, 23.21633750482503]]], [[[121.4118284658468, 23.21609891319065], [121.41208515128233, 23.21621200482769], [121.41184517516757, 23.216023710011747], [121.4118284658468, 23.21609891319065]]], [[[121.41043905266537, 23.214715450949328], [121.41056745676761, 23.214760592519742], [121.41058482320388, 23.214697217473056], [121.41043905266537, 23.214715450949328]]], [[[121.41016437858623, 23.214207154911225], [121.41031196383777, 23.21419241169792], [121.41028072510257, 23.214139828306017], [121.41016437858623, 23.214207154911225]]], [[[121.40623192088051, 23.182049358269577], [121.40685797529274, 23.182390489297816], [121.40621406846263, 23.181922003857586], [121.40623192088051, 23.182049358269577]]], [[[121.40507614142511, 23.179963710357224], [121.40539277115595, 23.180080795969893], [121.4050601444089, 23.1797338381793], [121.40507614142511, 23.179963710357224]]], [[[121.40418063572369, 23.17876958633945], [121.40428258672638, 23.178409960760696], [121.40393755853502, 23.17814023298225], [121.40418063572369, 23.17876958633945]]], [[[121.41840531974486, 23.12765217435321], [121.4174419098013, 23.127549721434484], [121.41740903578014, 23.127708211112747], [121.41840531974486, 23.12765217435321]]], [[[121.41809315335904, 23.126700310481738], [121.41829661074571, 23.126706453539395], [121.4180936452521, 23.126641954572577], [121.41809315335904, 23.126700310481738]]], [[[121.42549480894688, 23.126107111956117], [121.42588820796684, 23.126031160934666], [121.42591276445573, 23.125972848421846], [121.42549480894688, 23.126107111956117]]], [[[121.4099774220169, 23.12474393214085], [121.40976014005315, 23.124384010856872], [121.40963901748557, 23.124408563143756], [121.4099774220169, 23.12474393214085]]], [[[121.41915422245886, 23.123138169890417], [121.4193795787424, 23.12303484076187], [121.41897580941107, 23.122870133116294], [121.41915422245886, 23.123138169890417]]], [[[121.41537666332103, 23.1225532737484], [121.41550388523198, 23.122416109593914], [121.41534160478078, 23.122472877822887], [121.41537666332103, 23.1225532737484]]], [[[121.41642071969194, 23.122459295655634], [121.41702761239327, 23.12265087136394], [121.41691470646437, 23.121787255584486], [121.41642071969194, 23.122459295655634]]], [[[121.39919025146118, 23.11503895514799], [121.39926207492785, 23.114920971162835], [121.3991679064712, 23.11501937947387], [121.39919025146118, 23.11503895514799]]], [[[121.39486678424946, 23.114166041408], [121.39493045668048, 23.11415139720224], [121.39467209805157, 23.113928828787746], [121.39486678424946, 23.114166041408]]], [[[121.4012076028182, 23.113469484152386], [121.40134780444959, 23.113489166185985], [121.4013067484342, 23.11339263572871], [121.4012076028182, 23.113469484152386]]], [[[121.39370386027991, 23.11138307762934], [121.39378350659756, 23.111368836533405], [121.3937056916121, 23.111360253084868], [121.39370386027991, 23.11138307762934]]], [[[121.39416169252895, 23.111215214354292], [121.39422500409563, 23.111150650955317], [121.39417598442292, 23.11113166495157], [121.39416169252895, 23.111215214354292]]], [[[121.39324557319382, 23.109896126563388], [121.39356891888623, 23.11020311479433], [121.39325815096059, 23.109786348000426], [121.39324557319382, 23.109896126563388]]], [[[121.39151189416343, 23.107984939911315], [121.39201266330625, 23.107962737137825], [121.39140178440475, 23.10785362106072], [121.39151189416343, 23.107984939911315]]], [[[121.39030185551972, 23.10745718934478], [121.3907814659069, 23.107949219584896], [121.39042840939562, 23.107027143426798], [121.39030185551972, 23.10745718934478]]], [[[121.39078931700715, 23.107037023559514], [121.3908700357197, 23.106993360030526], [121.39082635903573, 23.106942987874444], [121.39078931700715, 23.107037023559514]]], [[[121.38961789390022, 23.106319640438745], [121.38957858203219, 23.10618849765577], [121.38957228804802, 23.10631806431589], [121.38961789390022, 23.106319640438745]]], [[[121.38825783268604, 23.10372623447074], [121.38850913840714, 23.103930237625384], [121.38837518980013, 23.103507679200654], [121.38825783268604, 23.10372623447074]]], [[[121.38674608374471, 23.10230367238473], [121.38689200184218, 23.102282671140422], [121.38687547899636, 23.102223218856142], [121.38674608374471, 23.10230367238473]]], [[[121.38623687889392, 23.10165752421184], [121.38723835639357, 23.100931268840068], [121.3853507165026, 23.10006385976424], [121.38623687889392, 23.10165752421184]]], [[[121.38477385497663, 23.099175321950206], [121.38614799096455, 23.098330759393622], [121.38502523808528, 23.09743316242833], [121.38477385497663, 23.099175321950206]]], [[[121.38376716214665, 23.09722486706331], [121.38419983925392, 23.096839630824544], [121.3838297821192, 23.09672011842772], [121.38376716214665, 23.09722486706331]]], [[[121.38370399397628, 23.09608204108865], [121.38439645067217, 23.09622370663519], [121.38434408179093, 23.095973445853954], [121.38370399397628, 23.09608204108865]]], [[[121.3833498283781, 23.095790467167642], [121.38372991500361, 23.095751308776563], [121.38375873398508, 23.095713012682808], [121.3833498283781, 23.095790467167642]]], [[[121.38313630440098, 23.09313607607511], [121.38427647468015, 23.093771616460348], [121.38396769344574, 23.092639754664173], [121.38313630440098, 23.09313607607511]]], [[[121.38384565704226, 23.09183839668041], [121.38463034893219, 23.091952249131758], [121.38383191294574, 23.09176826317548], [121.38384565704226, 23.09183839668041]]], [[[121.35830504102628, 23.085679020844935], [121.35927935699671, 23.086237530230417], [121.35930715217434, 23.086171327509142], [121.35830504102628, 23.085679020844935]]], [[[121.35808374865243, 23.08261085340392], [121.35903819579819, 23.082654038073798], [121.3581777407453, 23.081253813647297], [121.35808374865243, 23.08261085340392]]], [[[121.27249048428129, 22.920541721611254], [121.2744379106888, 22.922215632267672], [121.2721353978229, 22.919139637191307], [121.27249048428129, 22.920541721611254]]], [[[121.26290175791041, 22.9072620914155], [121.2605628581551, 22.89879030265753], [121.25841468709605, 22.897373357163627], [121.25925833033236, 22.898292319978705], [121.25994383571114, 22.9031889560427], [121.26290175791041, 22.9072620914155]]], [[[121.18746828971848, 22.831787003940704], [121.18756569362168, 22.831744091876434], [121.18751173553645, 22.831672838428645], [121.18746828971848, 22.831787003940704]]], [[[121.18777756258324, 22.83100680388779], [121.18795968923206, 22.831025608168428], [121.18792088166501, 22.830780772206204], [121.18777756258324, 22.83100680388779]]], [[[121.19198310306936, 22.828065964600334], [121.19372894414803, 22.82885585177189], [121.19404324727032, 22.828530329949494], [121.19198310306936, 22.828065964600334]]], [[[121.1975646148778, 22.827042271258296], [121.19797686218962, 22.827122721512993], [121.19798495466019, 22.82705693041467], [121.1975646148778, 22.827042271258296]]], [[[121.19308784580542, 22.827031088554115], [121.19700792469278, 22.825030334877706], [121.1916731646658, 22.82639234349521], [121.19308784580542, 22.827031088554115]]], [[[121.52194015216543, 22.68494986071862], [121.52038666168761, 22.685894169245568], [121.52211881655022, 22.68531052935438], [121.52194015216543, 22.68494986071862]]], [[[121.51164882938473, 22.68263487284004], [121.51004609462285, 22.680815647545877], [121.51019636742086, 22.68222407086562], [121.51164882938473, 22.68263487284004]]], [[[121.51376072101755, 22.680866987835454], [121.51293064958037, 22.68033680221947], [121.51313476050899, 22.681004466728957], [121.51376072101755, 22.680866987835454]]], [[[121.49025076009244, 22.679878575676664], [121.49124451067284, 22.67996771714249], [121.49121071311446, 22.679775752389588], [121.49025076009244, 22.679878575676664]]], [[[121.51222562876661, 22.680230679936077], [121.51138024894536, 22.679998561986498], [121.51151272926734, 22.680296174779972], [121.51222562876661, 22.680230679936077]]], [[[121.51131013328978, 22.680034909275182], [121.51047280701194, 22.679595042273114], [121.51074955225619, 22.680253456693897], [121.51131013328978, 22.680034909275182]]], [[[121.51131652092222, 22.669762539816713], [121.51162606941766, 22.66941641013142], [121.51124072663971, 22.669370914798122], [121.51131652092222, 22.669762539816713]]], [[[121.51345841588592, 22.666821680579297], [121.51294615887244, 22.666986771125497], [121.51323117500857, 22.667195184508643], [121.51345841588592, 22.666821680579297]]], [[[121.51140748218373, 22.665067783063705], [121.51198110295107, 22.66516329460132], [121.5117715382658, 22.66471126515118], [121.51140748218373, 22.665067783063705]]], [[[121.51267576982758, 22.664003388971466], [121.5117667137034, 22.66326105045362], [121.51200199707367, 22.66412006396409], [121.51267576982758, 22.664003388971466]]], [[[121.50720997374754, 22.65861687591039], [121.50836466256762, 22.659194579234146], [121.50852023554674, 22.658951444148084], [121.50720997374754, 22.65861687591039]]], [[[121.50045247413722, 22.646572487964963], [121.50940039399075, 22.63368327647204], [121.49598342123384, 22.63279486620083], [121.48827199089808, 22.642074800575628], [121.47286814909701, 22.64625392671712], [121.47594237076318, 22.659069552010067], [121.46436614907115, 22.670307160892968], [121.46408596314267, 22.67853357513981], [121.47271811946024, 22.6755796003525], [121.47381895022082, 22.67685393755042], [121.47937473027056, 22.67613266039248], [121.49171091071457, 22.679910276188302], [121.49344042482062, 22.675495238585196], [121.50936779327351, 22.67889147284809], [121.51064680153281, 22.668760679639668], [121.5129023520316, 22.666837802887425], [121.5102115236179, 22.66470987409434], [121.50710748097718, 22.6589683477309], [121.50789481099098, 22.654132222926904], [121.50045247413722, 22.646572487964963]]], [[[121.51070341523766, 22.65422988915948], [121.50810047076078, 22.65549159396602], [121.51073148144778, 22.656665344951556], [121.51070341523766, 22.65422988915948]]], [[[121.50760756571326, 22.65005401989767], [121.50727927066121, 22.649657673266372], [121.50710987539172, 22.649893030287124], [121.50760756571326, 22.65005401989767]]], [[[121.50455272930697, 22.6419307705205], [121.50463767455032, 22.641649434657513], [121.50445468639019, 22.641696853733905], [121.50455272930697, 22.6419307705205]]], [[[121.50797725939267, 22.632725755537585], [121.50833540171477, 22.632543749937664], [121.5081695258863, 22.632411548424994], [121.50797725939267, 22.632725755537585]]], [[[121.44694231083405, 23.443741610581338], [121.46329569994047, 23.43874703349287], [121.47329232318215, 23.44056557202106], [121.48258161360526, 23.43011620231219], [121.49581945388192, 23.43467538371576], [121.47436092943967, 23.387004557893405], [121.46274605962844, 23.31456974811331], [121.44741519275938, 23.310112845028605], [121.43010969547439, 23.286042674392487], [121.413975344708, 23.233346399839085], [121.42016483490407, 23.22591249068656], [121.41924580829254, 23.226200536912657], [121.41690828016269, 23.223127660241907], [121.41679479400092, 23.221486701058172], [121.41654730137594, 23.22172449308834], [121.41403588862927, 23.21955937961654], [121.40966235130938, 23.214349706865264], [121.41002739797877, 23.21352851243281], [121.39624079306778, 23.20433228996597], [121.39775415615567, 23.18611700197033], [121.40737275009575, 23.165734068342775], [121.39942551931676, 23.148847300173625], [121.40089989391461, 23.1309729180862], [121.41061253630704, 23.123368426020193], [121.42471977243746, 23.126297909538692], [121.41103988282254, 23.122060437509223], [121.4024461664921, 23.113951527245504], [121.3964437978894, 23.11726955665751], [121.38720512557074, 23.105649159614927], [121.38774705311702, 23.104324314062755], [121.38473162669587, 23.099942410740876], [121.38302696227927, 23.095377383534192], [121.38004682866975, 23.09940421743583], [121.36306072838089, 23.09350780652166], [121.35483870058646, 23.080003587171472], [121.3567116136876, 23.073962642380895], [121.3483098138666, 23.068068939544446], [121.33641783702349, 23.019874151987793], [121.32772221057016, 23.0147133372297], [121.31682277124615, 22.982306199925922], [121.29515625225712, 22.954455754409956], [121.28373041366142, 22.948890815622555], [121.27866323695261, 22.930769972144457], [121.26091148639681, 22.90518233281956], [121.25086573085798, 22.88590385530475], [121.23910197827612, 22.878678534316983], [121.23383444502358, 22.865135127418018], [121.20833109478298, 22.864934468773033], [121.18969884498111, 22.848669767804537], [121.18627185434015, 22.832869875049198], [121.19821810799924, 22.814787518499937], [121.20105009382351, 22.795798315820594], [121.183149910675, 22.787273733129037], [121.1740105350642, 22.756523461748905], [121.15688662984626, 22.747424005683296], [121.12459921126015, 22.7172443470039], [121.07911241370105, 22.69679034269093], [121.06080691067925, 22.680044089880347], [121.03549828538237, 22.667645634932207], [121.02555358937073, 22.65548560991396], [121.01284780641924, 22.620547232861735], [121.00918507611026, 22.588953006031943], [120.98577349103218, 22.569618166779282], [120.97715050081753, 22.554121248930155], [120.94655529530888, 22.45724959318672], [120.91488340518339, 22.38492151248796], [120.90885237825039, 22.35924346897204], [120.89505368343526, 22.33500546265464], [120.89164736736748, 22.282964519035147], [120.89627582517147, 22.24637777294378], [120.86625585101834, 22.22980555655451], [120.85867246879413, 22.24080180067422], [120.83460793442283, 22.24530857682798], [120.81538896917023, 22.263177351673153], [120.7990821248157, 22.257118024862834], [120.79628500755236, 22.26987641227649], [120.79800812369015, 22.276453705575054], [120.80669185200927, 22.27720940126493], [120.80559115197798, 22.284049708587663], [120.79314780343587, 22.28587441847629], [120.7768847005726, 22.302809689049415], [120.77813373004355, 22.308557828390352], [120.78727532126977, 22.30923850225917], [120.79672694292904, 22.31744728564628], [120.79261294150074, 22.335541407057864], [120.78486344640129, 22.34569171366978], [120.76735498436398, 22.347645090468955], [120.76302436508858, 22.35913599733435], [120.74346228824089, 22.36734295002843], [120.7565379120376, 22.388364182166235], [120.75220046443982, 22.39249189232753], [120.75766379091455, 22.39821039319103], [120.75349937629856, 22.405002710893363], [120.77994871442786, 22.409247240379315], [120.78958240867608, 22.417749749806543], [120.77508284173061, 22.443442740145624], [120.77617274679069, 22.450188441484958], [120.75103729700126, 22.459013475787913], [120.75460658696181, 22.471317291480403], [120.75080903803861, 22.47920473470563], [120.75766962665747, 22.48198778987098], [120.76431519351111, 22.49520134376255], [120.75350342465407, 22.51137365568901], [120.74991365843762, 22.534368088902077], [120.73919305737967, 22.552562099308393], [120.73973941259136, 22.56312485736376], [120.74879564988626, 22.57209901734951], [120.74581693934293, 22.58958204173456], [120.75463197162006, 22.600786780925535], [120.75507818033884, 22.61741941832147], [120.78583933845682, 22.66143643476647], [120.79159461204812, 22.67928773475301], [120.78673382772844, 22.692931963369215], [120.80908158912536, 22.688232577844612], [120.81161342213676, 22.692046799383686], [120.81906448600158, 22.690827172063845], [120.82029276784101, 22.695714500054653], [120.83683241783481, 22.697068957989465], [120.84858317407462, 22.71697211053213], [120.85841271874642, 22.713601175909858], [120.883259311832, 22.716877140929025], [120.89505956425225, 22.73866029175252], [120.89194367933337, 22.76377240971906], [120.90385249778073, 22.775645119339504], [120.90334780459682, 22.79977885977803], [120.89115767605833, 22.81163814767856], [120.87155806095195, 22.814935790620158], [120.86163033145407, 22.826359030388403], [120.8695499337757, 22.857679724946266], [120.8592230097667, 22.86321406871658], [120.86554454656888, 22.869620427557084], [120.85983297038246, 22.878220192998416], [120.84042319516999, 22.882010979652577], [120.82877007067431, 22.903775821976414], [120.83327326054884, 22.91229032910154], [120.82181764270229, 22.935210770781552], [120.82473378849444, 22.952555843295798], [120.82080218766029, 22.96189196978316], [120.83017894481026, 22.97002765744703], [120.83244184068566, 22.980350130620256], [120.84895346270682, 22.994616512025495], [120.85105655083196, 23.00510751696504], [120.86060430048956, 23.00797418478985], [120.86186946543664, 23.031063821833445], [120.87984476678761, 23.03519841771771], [120.87975050417846, 23.04770789099579], [120.8691554498151, 23.05969421805902], [120.88556292759954, 23.08892081334605], [120.88939168965315, 23.11005983231384], [120.88496521960326, 23.119281274369296], [120.8880628013607, 23.122446501749096], [120.88567867125383, 23.14444585706057], [120.87639340331197, 23.15134723187201], [120.89497463492748, 23.160685021974004], [120.89853954216449, 23.17646603157472], [120.91110106677415, 23.182300931409973], [120.90588264632724, 23.199388066628046], [120.9115955611241, 23.20919423620772], [120.9155018199024, 23.23751613206035], [120.92620756651864, 23.2444571127402], [120.93774499137672, 23.244798429232144], [120.97213001895706, 23.2819307018915], [120.98662269048619, 23.280304874396638], [121.03889744078154, 23.30063270214304], [121.05946023880193, 23.286166419907364], [121.06243035156754, 23.26590317738983], [121.07907388822801, 23.23274303276664], [121.09291184503647, 23.233765069745825], [121.10859650816134, 23.223469596136997], [121.12927647048008, 23.223332175952418], [121.13934320907804, 23.201933306337835], [121.14673781703407, 23.199156779535], [121.17544813155338, 23.210094335780383], [121.18939786530562, 23.203779677834394], [121.19819736664464, 23.18845396503322], [121.19919571046191, 23.175178578141775], [121.21252379985181, 23.154809836520492], [121.21194738060586, 23.14421658113226], [121.23086389265325, 23.13928032355678], [121.23851129107274, 23.12872038747565], [121.24921837437424, 23.131523397626573], [121.25768116504874, 23.12606955465599], [121.2672911641921, 23.11396722519189], [121.26430735682445, 23.103919863467652], [121.27237372596579, 23.09785605175212], [121.29151346467272, 23.109371214761], [121.3158072808179, 23.10971703554842], [121.32197603225298, 23.117186111576636], [121.32035171946121, 23.13776862929816], [121.32718856476905, 23.152202716742952], [121.32210574334833, 23.15521103017696], [121.31855093665054, 23.16814444100283], [121.32329303053109, 23.178724837684513], [121.33497863684022, 23.177971627721185], [121.34644949523548, 23.21701607592953], [121.3571696680344, 23.223729005071025], [121.35260068437512, 23.231324403952307], [121.36086497502974, 23.24422105704233], [121.35936735266598, 23.25260189936027], [121.37789501792304, 23.269598486834653], [121.37784159263667, 23.300893157566225], [121.38788402911611, 23.310671284605114], [121.39020083886675, 23.320585261276943], [121.39990512640271, 23.323200474913605], [121.40974564958556, 23.345867975228593], [121.42220202341291, 23.355228423880245], [121.42268913980662, 23.360062902961598], [121.40428269422324, 23.367326912362373], [121.40020177972073, 23.38688827901873], [121.42024008001691, 23.42061993109527], [121.43325956526893, 23.432783984944656], [121.44013320019812, 23.43320022593627], [121.44694231083405, 23.443741610581338]]], [[[121.50602997868049, 22.087891933964446], [121.50535894178617, 22.08787245136969], [121.50605726529966, 22.088244981376786], [121.50602997868049, 22.087891933964446]]], [[[121.57038910969601, 22.085979325045468], [121.57051450290543, 22.085516712672096], [121.57021830717872, 22.085696342655186], [121.57038910969601, 22.085979325045468]]], [[[121.52593453621651, 22.08346150433856], [121.52571582112064, 22.08340997856555], [121.52583776486568, 22.083555824352395], [121.52593453621651, 22.08346150433856]]], [[[121.51790215494466, 22.082236126508995], [121.51765557579161, 22.082067566649958], [121.51770373758366, 22.082244567058236], [121.51790215494466, 22.082236126508995]]], [[[121.51083554189145, 22.0822421073157], [121.51194377819493, 22.081661925605328], [121.5119691189031, 22.081596187215947], [121.51083554189145, 22.0822421073157]]], [[[121.58282594407142, 22.08020431882979], [121.57713689378234, 22.078607515749987], [121.57783367021213, 22.081224334739282], [121.58282594407142, 22.08020431882979]]], [[[121.56957871848998, 22.069134415060724], [121.56988547370317, 22.069021537328418], [121.56984501607535, 22.06890202949447], [121.56957871848998, 22.069134415060724]]], [[[121.56989574622027, 22.06788421508515], [121.57005002654994, 22.06800091497125], [121.56993993815504, 22.067801052998583], [121.56989574622027, 22.06788421508515]]], [[[121.56791733706295, 22.057684163796413], [121.56808646996164, 22.05776451687657], [121.56808240323616, 22.057652116252015], [121.56791733706295, 22.057684163796413]]], [[[121.56666452929248, 22.05641609785372], [121.56806357367117, 22.056784789888695], [121.56783526897534, 22.05580242484261], [121.56666452929248, 22.05641609785372]]], [[[121.50714131331645, 22.051492087054097], [121.50814091269726, 22.051242507441675], [121.50758467192799, 22.05076120800459], [121.50714131331645, 22.051492087054097]]], [[[121.50944510087314, 22.06919870454923], [121.49938052046211, 22.080846437777815], [121.50524224642179, 22.085947267493495], [121.51256932906279, 22.080991327466727], [121.52599943906566, 22.082653762890285], [121.53054381201447, 22.07880994730484], [121.54493564554127, 22.083161838073394], [121.55994786757446, 22.080745817001485], [121.56852295084013, 22.086596323062885], [121.56893790567548, 22.06695807596623], [121.57619705027662, 22.06041897760944], [121.56634857748439, 22.05837453784259], [121.56424122957945, 22.050030903163872], [121.56727347471723, 22.04067965384793], [121.59969885115731, 22.022897974890537], [121.59402996887113, 22.00338962150526], [121.5704715738424, 22.0027606270033], [121.55738822737325, 22.022832845522622], [121.5484408930519, 22.026276321031954], [121.54479188494777, 22.026313051108307], [121.53952005950345, 22.02432013730766], [121.53612039019839, 22.02501129853012], [121.51522671963207, 22.04671243843033], [121.50871666942379, 22.045937964322174], [121.50944510087314, 22.06919870454923]]], [[[121.5447417174831, 22.026144373397063], [121.54484226558286, 22.026132496784058], [121.54478171650197, 22.026082193779626], [121.5447417174831, 22.026144373397063]]], [[[121.54382046130286, 22.02511872377837], [121.5442508400293, 22.02518136455111], [121.54384661196403, 22.02492644591748], [121.54382046130286, 22.02511872377837]]], [[[121.53823392996905, 22.02366788212226], [121.5391933502204, 22.023402009485608], [121.5386681107895, 22.023347027846647], [121.53823392996905, 22.02366788212226]]], [[[121.60088703796946, 22.02011495383153], [121.60122315689787, 22.019250402357176], [121.60111359457976, 22.019140349288353], [121.60088703796946, 22.02011495383153]]], [[[121.19180435715042, 22.839638190910247], [121.19215512284238, 22.839531149461948], [121.19180998316978, 22.839479159303945], [121.19180435715042, 22.839638190910247]]]]}}, {"type": "Feature", "properties": {"COUNTYNAME": "宜蘭縣", "name": "宜蘭縣"}, "geometry": {"type": "MultiPolygon", "coordinates": [[[[121.87364245922184, 24.53502359426559], [121.8760633216363, 24.534902314295625], [121.87651503952868, 24.53368195078734], [121.87364245922184, 24.53502359426559]]], [[[121.87353526840381, 24.53415983229695], [121.87411429141612, 24.533742460107987], [121.87344338581485, 24.534099784855243], [121.87353526840381, 24.53415983229695]]], [[[121.86115707964849, 24.52720281887607], [121.86157733548875, 24.527023618503247], [121.86153567916578, 24.526944858962008], [121.86115707964849, 24.52720281887607]]], [[[121.9653571095402, 24.982532714712736], [121.96554225381254, 24.982633317614653], [121.9654497263058, 24.982502675012434], [121.9653571095402, 24.982532714712736]]], [[[121.96491415136533, 24.982248781228883], [121.96499086751662, 24.982374606679137], [121.96499761085978, 24.98227135069419], [121.96491415136533, 24.982248781228883]]], [[[121.96463673631513, 24.981963439472075], [121.96488939371177, 24.981994662033202], [121.96477998035543, 24.981836242267995], [121.96463673631513, 24.981963439472075]]], [[[121.94149185511496, 24.972945477127876], [121.94172800788957, 24.97312104225461], [121.94189541000705, 24.972958497036625], [121.94149185511496, 24.972945477127876]]], [[[121.92210105626687, 24.96043887699191], [121.9223873502857, 24.960603231278622], [121.92240096019134, 24.96041872067017], [121.92210105626687, 24.96043887699191]]], [[[121.9197020402908, 24.955263870280575], [121.92022910868224, 24.955234001254755], [121.91989196376885, 24.955041474080208], [121.9197020402908, 24.955263870280575]]], [[[121.91882381326877, 24.953589436888972], [121.91906464573047, 24.953509509558682], [121.91885596683076, 24.95341274728231], [121.91882381326877, 24.953589436888972]]], [[[121.9142404426938, 24.95126542782321], [121.91442001265524, 24.9513531581682], [121.91440561502534, 24.95122700324645], [121.9142404426938, 24.95126542782321]]], [[[121.91379895335012, 24.951341134680735], [121.91391561968534, 24.951250990597956], [121.91386073982409, 24.951234201741194], [121.91379895335012, 24.951341134680735]]], [[[121.90993647613885, 24.948474017009488], [121.91002601373465, 24.948457888273985], [121.90994045864045, 24.94843506521365], [121.90993647613885, 24.948474017009488]]], [[[121.90849770071038, 24.948496339529882], [121.90854954648714, 24.94832739477689], [121.90842900616292, 24.94835288383022], [121.90849770071038, 24.948496339529882]]], [[[121.90643293688059, 24.946893262944982], [121.90667216772921, 24.94670417524233], [121.9064488799618, 24.946694962478222], [121.90643293688059, 24.946893262944982]]], [[[121.90452492274372, 24.945128574458362], [121.90508228874265, 24.94514013956002], [121.90499827941434, 24.944858894768377], [121.90452492274372, 24.945128574458362]]], [[[121.90427395829013, 24.942628471159395], [121.90495696501851, 24.942282002345788], [121.90447876853979, 24.9419423488958], [121.90427395829013, 24.942628471159395]]], [[[121.90447281681489, 24.941358851029857], [121.90507416380385, 24.941179366703945], [121.90437008496167, 24.941157172301917], [121.90447281681489, 24.941358851029857]]], [[[121.90436217025025, 24.940073044740235], [121.90486671370991, 24.94030891860571], [121.90493751586999, 24.94009164270646], [121.90436217025025, 24.940073044740235]]], [[[121.89380156105203, 24.93857276938107], [121.89451557142931, 24.938165622100602], [121.89329312366192, 24.938210790186762], [121.89380156105203, 24.93857276938107]]], [[[121.88534850073134, 24.920698613960308], [121.88549200726924, 24.92072988258671], [121.88543504098449, 24.92064669588773], [121.88534850073134, 24.920698613960308]]], [[[121.88523884468049, 24.919420507136675], [121.88545656508535, 24.919455460901553], [121.88534113676612, 24.919336744904648], [121.88523884468049, 24.919420507136675]]], [[[121.88524148621019, 24.918559972394462], [121.88521827232434, 24.918354132344177], [121.8851318634266, 24.91843395436773], [121.88524148621019, 24.918559972394462]]], [[[121.8850029855738, 24.917827077370767], [121.88530714429015, 24.917850856560534], [121.88505075010316, 24.917639169462166], [121.8850029855738, 24.917827077370767]]], [[[121.88454068359707, 24.917269068731915], [121.88488898971619, 24.91689899360129], [121.8843492416633, 24.91683780946101], [121.88454068359707, 24.917269068731915]]], [[[121.88339018033149, 24.91661213008677], [121.88349672818973, 24.916567551578485], [121.8834316105207, 24.916545015826237], [121.88339018033149, 24.91661213008677]]], [[[121.88293555208493, 24.91599777337881], [121.88308584000056, 24.916011300827357], [121.88299043437148, 24.915934380283268], [121.88293555208493, 24.91599777337881]]], [[[121.88282736432407, 24.91544995769932], [121.88292807463225, 24.91543915101415], [121.88286243558329, 24.915395285416437], [121.88282736432407, 24.91544995769932]]], [[[121.88270299787953, 24.915021855862427], [121.88284638000813, 24.914975055628798], [121.88274153747356, 24.91492972483229], [121.88270299787953, 24.915021855862427]]], [[[121.87881265967494, 24.91254682347181], [121.87894616887228, 24.912567179781412], [121.87881618897518, 24.912499217147097], [121.87881265967494, 24.91254682347181]]], [[[121.87527003557203, 24.90920115207924], [121.87540304088526, 24.909203991642116], [121.87526568126675, 24.909146884392808], [121.87527003557203, 24.90920115207924]]], [[[121.87519710904833, 24.908711090150486], [121.87530610474568, 24.908686924072676], [121.87521259028843, 24.908654891475617], [121.87519710904833, 24.908711090150486]]], [[[121.85742041867286, 24.892931363450984], [121.85805481639314, 24.89286012533423], [121.85743003642277, 24.89289299397018], [121.85742041867286, 24.892931363450984]]], [[[121.85602183019766, 24.892522576947503], [121.85638449716775, 24.89245290449438], [121.85591999004316, 24.89208382040166], [121.85602183019766, 24.892522576947503]]], [[[121.85505949809851, 24.891967175307567], [121.85510187904691, 24.89202318505431], [121.85513365178649, 24.891973421978896], [121.85505949809851, 24.891967175307567]]], [[[121.8545456739684, 24.891251311291818], [121.85479215318696, 24.89152929388965], [121.85491414564751, 24.891307791635022], [121.8545456739684, 24.891251311291818]]], [[[121.85386246542245, 24.89136337585205], [121.85395350768142, 24.8913110439923], [121.85394100108455, 24.89128857298773], [121.85386246542245, 24.89136337585205]]], [[[121.8532424837615, 24.89101544921976], [121.8532777873598, 24.891479378851717], [121.85328685633404, 24.891001671767114], [121.8532424837615, 24.89101544921976]]], [[[121.84990304737609, 24.885963685323023], [121.85072264296697, 24.886478019371047], [121.85122628478886, 24.886350472853486], [121.84990304737609, 24.885963685323023]]], [[[121.84941153475019, 24.885791017594233], [121.84979138443038, 24.885129206537577], [121.84904161038197, 24.88494764368133], [121.84941153475019, 24.885791017594233]]], [[[121.84854710640427, 24.88461306596163], [121.84861418731981, 24.88454142754049], [121.84852782572085, 24.884572730676876], [121.84854710640427, 24.88461306596163]]], [[[121.8490507775472, 24.884467678586145], [121.84912752127059, 24.884265008520345], [121.84905332928453, 24.88422306274224], [121.8490507775472, 24.884467678586145]]], [[[121.84975152163004, 24.884194235751128], [121.84983112035742, 24.884113940021575], [121.84980134204673, 24.88408710718405], [121.84975152163004, 24.884194235751128]]], [[[121.84870972974763, 24.883999672001277], [121.84876433908435, 24.883956984614372], [121.84869245572779, 24.883943914734015], [121.84870972974763, 24.883999672001277]]], [[[121.84848273882011, 24.88351962305941], [121.8490536349339, 24.883150558024123], [121.84904820595736, 24.88310544950777], [121.84848273882011, 24.88351962305941]]], [[[121.96411804013752, 24.837163195374433], [121.94485033448599, 24.836756354293833], [121.93440734553772, 24.846512021538953], [121.94341031380405, 24.843175453375995], [121.94824652488532, 24.850356058312087], [121.95548019885264, 24.849630634824393], [121.96411804013752, 24.837163195374433]]], [[[121.96450046721084, 24.839282419637048], [121.96459677638875, 24.839198246310733], [121.9645454514133, 24.839178915132244], [121.96450046721084, 24.839282419637048]]], [[[121.96435060895126, 24.838037440533682], [121.96453128431561, 24.838065768309527], [121.96436634949406, 24.837983271803726], [121.96435060895126, 24.838037440533682]]], [[[121.96437017502537, 24.837229827555532], [121.96446940766218, 24.83719717486535], [121.96436833678908, 24.83719687008634], [121.96437017502537, 24.837229827555532]]], [[[121.88064054447307, 24.605647334170865], [121.88054541309258, 24.605543597522086], [121.88050663117707, 24.605622947190568], [121.88064054447307, 24.605647334170865]]], [[[121.881547607918, 24.60485804586025], [121.8818945802717, 24.604974688247705], [121.88192153218529, 24.604891823382623], [121.881547607918, 24.60485804586025]]], [[[121.88943029582903, 24.604804174820064], [121.89013160514862, 24.604965008956313], [121.89018586725344, 24.604486250625612], [121.88943029582903, 24.604804174820064]]], [[[121.88720250535391, 24.603360586980315], [121.88746802737029, 24.603423040198965], [121.88748748615251, 24.603345184073355], [121.88720250535391, 24.603360586980315]]], [[[121.90250478303952, 24.599300003963798], [121.90264291055371, 24.599658883477566], [121.90286968329397, 24.59947010854003], [121.90250478303952, 24.599300003963798]]], [[[121.87002172772418, 24.569559416979793], [121.87028984994812, 24.569406681950532], [121.86997907241764, 24.56952090515817], [121.87002172772418, 24.569559416979793]]], [[[121.87447520117387, 24.54575478477288], [121.87494054338478, 24.54501034322685], [121.8745175276201, 24.54507355740325], [121.87447520117387, 24.54575478477288]]], [[[121.87405436053547, 24.543836936755987], [121.87433603782893, 24.54401064108592], [121.87434428368479, 24.54374481996401], [121.87405436053547, 24.543836936755987]]], [[[121.84524881194487, 24.644644194573626], [121.86279531913885, 24.61185928980883], [121.88550472908967, 24.603359570791586], [121.88199542074987, 24.595376836982222], [121.88110709481384, 24.59888806384039], [121.87331879970334, 24.596639913417047], [121.87947849708189, 24.601204843724272], [121.86708640827834, 24.605249075941376], [121.85819918398525, 24.60088352140777], [121.86253690271165, 24.593350952438723], [121.86821025225197, 24.597067469970465], [121.86458884880025, 24.589405704924186], [121.8687494582904, 24.586741587869277], [121.86528581189323, 24.585040303031388], [121.86966811305636, 24.58357903401994], [121.86532680237656, 24.581991377405842], [121.86989827733076, 24.5818329236627], [121.86848214216482, 24.577368089499235], [121.87180780343371, 24.580819300808187], [121.8696982297117, 24.584976795509263], [121.86949747533323, 24.587869713365134], [121.87055190904552, 24.59039835828878], [121.8749024157391, 24.586203284581167], [121.88090282451248, 24.593215182327025], [121.87709854309033, 24.585778300433443], [121.8719604290318, 24.584572964770572], [121.87907584034515, 24.57953511944455], [121.86952078268322, 24.574436452004488], [121.87115609792087, 24.552461061456935], [121.87410229342588, 24.54546075777659], [121.87230331521927, 24.54159259825601], [121.87372828644506, 24.53445402837129], [121.86957704475624, 24.529725001528178], [121.86970028045779, 24.528422072337488], [121.86212568612649, 24.528425294759035], [121.84296231239905, 24.521103577849242], [121.83990137377985, 24.51690893541856], [121.83905900379061, 24.49952278968776], [121.85062513315157, 24.495363614222164], [121.85104553443567, 24.48427457165675], [121.86175421883462, 24.480466604639357], [121.84203601104488, 24.476678111491243], [121.82121160365978, 24.46248344752174], [121.82112262154243, 24.454249956640272], [121.7993874260874, 24.431412326285407], [121.79062243061591, 24.407725108001987], [121.7873208532073, 24.373528902310568], [121.77111047470562, 24.336539432733378], [121.77246978092286, 24.313496023337912], [121.68859479760025, 24.333585819352884], [121.685429951506, 24.340739748382788], [121.67484253783806, 24.337753619189865], [121.66326025863228, 24.352826590768732], [121.65347452068772, 24.35221448462047], [121.65061804535259, 24.359833503937548], [121.64861368756415, 24.34959225667727], [121.63095228461816, 24.370527686765477], [121.62037611846488, 24.363217479545135], [121.62684254960817, 24.349536993492165], [121.63545577033743, 24.347582533916405], [121.63129582511506, 24.34398619699998], [121.63271274669704, 24.334689629923005], [121.6286113498384, 24.333697361376615], [121.62744671520194, 24.34107880756512], [121.6227660201702, 24.339463795002732], [121.61882380053844, 24.345411933634253], [121.61750616420233, 24.33360535706857], [121.60782281135386, 24.335425300368225], [121.60422132794068, 24.32903360530815], [121.59570696062164, 24.331588536318396], [121.60576263895766, 24.309448196697534], [121.5970445407157, 24.31631081307127], [121.58944178011876, 24.31379414642109], [121.5665088876032, 24.319185496785984], [121.54522813138213, 24.337709238621915], [121.53313522168459, 24.337063339520594], [121.52241301870716, 24.34299660333426], [121.49524781949191, 24.34037133615773], [121.45099901378815, 24.365395636699976], [121.44701718286957, 24.37550228198493], [121.44173021687989, 24.37373416698852], [121.43685353441, 24.38348199368383], [121.39982071728043, 24.380120691607203], [121.37998100830718, 24.36737853273969], [121.36857092520161, 24.37271355163318], [121.36902188127733, 24.383042287875252], [121.36400703648768, 24.389505755482304], [121.353592229086, 24.393618274135598], [121.33827576902948, 24.389916957857793], [121.32539389453636, 24.40059293609228], [121.32752182647467, 24.432726431611126], [121.31673917059453, 24.441708662907377], [121.31922569214727, 24.447514202381495], [121.34272419166541, 24.482111075996585], [121.3575609948896, 24.486429163185186], [121.3712413360154, 24.49830823627355], [121.37341744273736, 24.509932765022324], [121.38347715121596, 24.51012198744986], [121.39055154043933, 24.52293216863451], [121.40153324590958, 24.529002384852596], [121.39473511011538, 24.555836120968166], [121.41232951565638, 24.573439952765096], [121.40314112211249, 24.59202516250261], [121.41271058158962, 24.603632572276208], [121.41853807001806, 24.601099621415944], [121.42761095024775, 24.605766479202227], [121.45134440541844, 24.6509569295201], [121.44936036467026, 24.66191961343138], [121.45949478471809, 24.673142816448593], [121.49349457836435, 24.673370514645562], [121.51181191310955, 24.68435146577054], [121.53678885114695, 24.688424541136648], [121.53785601394723, 24.699887384485603], [121.54325365243525, 24.705662329491435], [121.56268343787325, 24.712861629007868], [121.57494018727557, 24.71019477294723], [121.57821157405533, 24.722287819996605], [121.58725383910394, 24.720140184652124], [121.59791598030925, 24.72885841100395], [121.59365154415164, 24.72973056861601], [121.59164652399724, 24.744683378079515], [121.59608249477228, 24.748317813574673], [121.58896594782966, 24.75511953952685], [121.59757785221315, 24.77220848769242], [121.59199557065811, 24.78765822132885], [121.62542825436061, 24.79505966806165], [121.62579692490516, 24.808781676551305], [121.64488968066098, 24.80924259985265], [121.64737171665517, 24.813933711913556], [121.66069378952342, 24.810830413070708], [121.66900436827912, 24.817996179068956], [121.67426154978568, 24.814110514618598], [121.68822564718884, 24.816107822150304], [121.68764237605737, 24.8248954618351], [121.69642863059039, 24.83464635380381], [121.71428047932854, 24.841787042711132], [121.73051608630014, 24.85529903308575], [121.74570705656853, 24.852825943330927], [121.76101340928614, 24.856707140536916], [121.76830271973361, 24.865693345631186], [121.77545341249905, 24.865109470746052], [121.78518012058984, 24.87417202530759], [121.78166625110197, 24.88947782925597], [121.79295079558483, 24.8961706267239], [121.79185248246483, 24.899782988465017], [121.81161753112858, 24.90652182757876], [121.8183078409766, 24.902718879886805], [121.83172163896806, 24.90488172458996], [121.85362703138354, 24.925162221805994], [121.83903392233431, 24.944686858042694], [121.84691766584696, 24.960296658836818], [121.88851857443443, 24.96317278281643], [121.91483889029634, 24.979336291020832], [121.9335207689314, 24.980909127819874], [121.94459147299472, 24.98816826883777], [121.96269686778615, 24.98779794678322], [121.96590476011637, 24.98297447350034], [121.92640845622847, 24.969346106578147], [121.91860496452006, 24.957477105418842], [121.91906312089971, 24.954075762481956], [121.91076823900737, 24.9507405664728], [121.90453420687284, 24.946025846258944], [121.90375812384357, 24.939893067450388], [121.89801131651778, 24.941591558813798], [121.8891261266549, 24.93696191255466], [121.8855900496915, 24.931142203646427], [121.88500467379279, 24.917877478489718], [121.87899244926288, 24.913370516452115], [121.87769934004474, 24.910418837340256], [121.87538186683614, 24.9095787699441], [121.87192378657807, 24.903670955498832], [121.85227459572322, 24.891278933301404], [121.83981661653743, 24.872710192503668], [121.84259679911682, 24.87115227449988], [121.84128354522848, 24.86638787919044], [121.83610304635309, 24.870035840623153], [121.83266400891996, 24.863411164534536], [121.83625140928974, 24.867445009102596], [121.84064263741705, 24.865338382293825], [121.83619934824928, 24.86419511423842], [121.82532563840563, 24.83377680736001], [121.81778219492567, 24.77625663093277], [121.82222919916968, 24.74307961409115], [121.83654251047918, 24.713899033628405], [121.83794968140128, 24.674224837506486], [121.84524881194487, 24.644644194573626]]]]}}, {"type": "Feature", "properties": {"COUNTYNAME": "臺北市", "name": "臺北市"}, "geometry": {"type": "Polygon", "coordinates": [[[121.55916455083678, 25.21013448717874], [121.57171997955858, 25.195400439302777], [121.58374128576618, 25.19458142632804], [121.58349366624218, 25.17686702339228], [121.5770407017002, 25.166990708483887], [121.58985734905151, 25.163725993268002], [121.58935604745064, 25.152418028963346], [121.60784391128328, 25.13019762566689], [121.59560806343937, 25.114126068817846], [121.59749514786878, 25.109509491909726], [121.62622594793704, 25.096044721173907], [121.62795408039014, 25.083228768696426], [121.61613959197292, 25.06391764052515], [121.62423549015237, 25.05574700250688], [121.61630542080974, 25.05062749198119], [121.61909826689865, 25.04345860874424], [121.64679261332697, 25.02798585730901], [121.66592789309509, 25.02984165553567], [121.6632491647015, 25.022942712292075], [121.63241944019487, 25.02560830673323], [121.62326524565485, 25.017255696591082], [121.60920339645288, 25.020936862090775], [121.5973865892381, 25.014658611547997], [121.59588820202819, 25.00459617562302], [121.60195184092245, 24.990323128494268], [121.59950806678548, 24.978127199357523], [121.62000241683319, 24.969360698431494], [121.60118290447768, 24.960890952305817], [121.57859547992301, 24.966607009087625], [121.56124211221821, 24.96468310976385], [121.55260293973532, 24.986706984527302], [121.54497288044757, 24.983697252935293], [121.53526582786752, 24.995115123786867], [121.52681182032737, 24.98704558831632], [121.53231994934708, 25.00768384710206], [121.51848704711031, 25.01993698094887], [121.50936996532423, 25.02143789616158], [121.49269967669898, 25.009484880351252], [121.48629372847739, 25.03274166100242], [121.50321944569885, 25.048327876249974], [121.50607386499532, 25.07472028658913], [121.48872683186721, 25.097147227818013], [121.46613043884022, 25.101716030784665], [121.45709691942494, 25.108536079469655], [121.45878480958676, 25.122957690881346], [121.46482374114116, 25.124247013055847], [121.46570181720655, 25.131692485145134], [121.48744087893884, 25.151410056039296], [121.50257211567298, 25.173248906980703], [121.51996521050953, 25.169290647109083], [121.52171405874785, 25.179134290808804], [121.54110268608773, 25.18739050661458], [121.55916455083678, 25.21013448717874]]]}}, {"type": "Feature", "properties": {"COUNTYNAME": "雲林縣", "name": "雲林縣"}, "geometry": {"type": "MultiPolygon", "coordinates": [[[[120.13009758002833, 23.568902455738236], [120.12728809239992, 23.573401533177684], [120.1323470273388, 23.578946799823374], [120.13251373711876, 23.57370145280377], [120.13009758002833, 23.568902455738236]]], [[[120.10812049577262, 23.539621996669993], [120.10366853952628, 23.54399413387058], [120.11144034642741, 23.555334593105215], [120.12144860889596, 23.55609523311414], [120.12448079730255, 23.56290251152778], [120.13275147873765, 23.564347860881213], [120.13013444700616, 23.551411914294505], [120.12539163228409, 23.558772014683033], [120.10812049577262, 23.539621996669993]]], [[[120.13185897484517, 23.530129519364007], [120.12560644530055, 23.531331952080574], [120.12898072428611, 23.53818603480167], [120.12610719077617, 23.54414790516501], [120.1305767261765, 23.548199652891604], [120.13693477557072, 23.543223325060147], [120.12749925955507, 23.53282326243857], [120.13185897484517, 23.530129519364007]]], [[[120.0974498870625, 23.521348112105926], [120.09087969350746, 23.528759523932766], [120.09851696264592, 23.542041124856805], [120.10800983668271, 23.533968588925447], [120.10307669107279, 23.53163799876689], [120.11162426379212, 23.529591929119828], [120.09988280046437, 23.52943448020544], [120.0974498870625, 23.521348112105926]]], [[[120.05373975327039, 23.492059140378615], [120.06514450645837, 23.487170568178172], [120.0625282246076, 23.4804637610197], [120.05368825295515, 23.478929527575367], [120.05831433720805, 23.482677847819122], [120.05267861530868, 23.487935148800624], [120.04897302357551, 23.476778976517153], [120.04286678868532, 23.476705518251947], [120.05144491555147, 23.492496672178774], [120.04726234577734, 23.49517114538827], [120.04094682889388, 23.478508729806144], [120.03493841700156, 23.482995521891624], [120.03580046132129, 23.47751078560167], [120.029789976291, 23.47958647852434], [120.02485831851524, 23.475230424775933], [120.02388126102106, 23.459521790833357], [120.01390704295397, 23.459964725232776], [120.01803519111368, 23.469508145565587], [120.0088928709607, 23.463842868040487], [120.02032536330303, 23.435688248222903], [119.99696257273476, 23.46537607347057], [120.00087990542917, 23.473685856249823], [120.08092390240371, 23.526281616006298], [120.09354626252411, 23.51787621496359], [120.09580434916731, 23.510539154533056], [120.08257307959992, 23.5125571417575], [120.08249081859383, 23.508466250790722], [120.07660016745511, 23.507311761662905], [120.07766774358895, 23.502044782365843], [120.07059112650232, 23.50421511876708], [120.06688083268101, 23.500572054754077], [120.07411034699402, 23.498773003823686], [120.06640367252729, 23.498537531311623], [120.07210408634296, 23.493939248505527], [120.06822002867929, 23.490123625619876], [120.06540522601709, 23.494630634790802], [120.05373975327039, 23.492059140378615]]], [[[120.19208905180616, 23.81731395478903], [120.19245752905245, 23.81755962761593], [120.19213566657471, 23.817162915021555], [120.19208905180616, 23.81731395478903]]], [[[120.19218909407866, 23.815910874075286], [120.19356507657926, 23.81647700020623], [120.19292669573737, 23.815557532284743], [120.19218909407866, 23.815910874075286]]], [[[120.18984709678043, 23.81497824412563], [120.19069908778265, 23.81531891905677], [120.18890845550203, 23.813872246851133], [120.18984709678043, 23.81497824412563]]], [[[120.17165293914782, 23.740801353230403], [120.17239401324547, 23.744159955708433], [120.17669335320572, 23.748781156009404], [120.1749654979787, 23.743435327365976], [120.17165293914782, 23.740801353230403]]], [[[120.17372738392436, 23.739918993394554], [120.17426315976996, 23.739600694898773], [120.17391735699843, 23.739119033369022], [120.17372738392436, 23.739918993394554]]], [[[120.16964057489506, 23.73486027838196], [120.1713192328658, 23.732278441100938], [120.16555707281887, 23.73073407138595], [120.15737096158212, 23.71744375474794], [120.16236892406717, 23.729529002445414], [120.16964057489506, 23.73486027838196]]], [[[120.64807405697128, 23.682789853865764], [120.62909132670802, 23.635179801755953], [120.63083197433133, 23.622038491484208], [120.6343980998933, 23.61942599742618], [120.64536024363703, 23.631205734065688], [120.65290438116901, 23.62958124192271], [120.6517091237711, 23.61626339869343], [120.66910834678593, 23.60917975120054], [120.68354296275015, 23.610676226364422], [120.69110427915223, 23.620152519665343], [120.71039728570156, 23.61919746512831], [120.71307451589446, 23.62789884926704], [120.71854133111786, 23.6299293202005], [120.73075394515774, 23.618111646708126], [120.72483744809065, 23.603805774362442], [120.73264314650473, 23.59716148089207], [120.72989283158044, 23.593664285873857], [120.73615378063558, 23.570448781492516], [120.71765812964203, 23.569047771821293], [120.70902521009896, 23.575640113793913], [120.69353942824472, 23.576318020769182], [120.6762147475398, 23.570505052165654], [120.6699862834753, 23.57850290352702], [120.6502689503532, 23.572559957831807], [120.64342393154361, 23.57596962154064], [120.649204208093, 23.58357517013936], [120.64855216107743, 23.59341911611437], [120.62340236300126, 23.590102387722148], [120.61888582670527, 23.584133329290115], [120.58980130829094, 23.58572510366613], [120.58029867085006, 23.58225886315354], [120.5561745912987, 23.592984463188785], [120.53311979957554, 23.596941724190195], [120.51024851136177, 23.619341312200465], [120.50376039290373, 23.6352762656049], [120.48875382485255, 23.635915509300393], [120.48739382797875, 23.630576752992816], [120.47906096907106, 23.632923614015677], [120.454219096675, 23.626299720393614], [120.45315571251518, 23.63062352053587], [120.44455318353904, 23.630542889664326], [120.43527858138967, 23.62551104468548], [120.43684716714822, 23.621787037571792], [120.42522147447954, 23.618009751167957], [120.42064897736576, 23.62516994824653], [120.41582595877136, 23.62138363685584], [120.40661797199763, 23.62518691492836], [120.40460620678193, 23.63418744160029], [120.40086816628934, 23.632165888780193], [120.40263485175898, 23.62693940835481], [120.38607201379173, 23.620695567599835], [120.37999008014891, 23.609998213549083], [120.36649684990117, 23.607799699190323], [120.35897769505702, 23.594981602604747], [120.33448322487955, 23.592694127829198], [120.3331061266672, 23.57912074800646], [120.32715942197575, 23.57427292071757], [120.30737651628482, 23.574627367736245], [120.31059524762978, 23.564481290969695], [120.29020975461671, 23.562424803901923], [120.29088059905101, 23.550748111202594], [120.27640745351134, 23.543500552441483], [120.27196179245522, 23.53075952492428], [120.26342128899995, 23.533549979202707], [120.25610568588165, 23.54607503138899], [120.24355058548021, 23.543757156162748], [120.247062990556, 23.51513985602411], [120.23909386160784, 23.5076835711297], [120.2230390163588, 23.50430841232954], [120.19932246930387, 23.513050432602398], [120.18094217913666, 23.509871200662715], [120.14584068776958, 23.520804584067026], [120.1502718763439, 23.531919309317335], [120.14113425708585, 23.545373083558104], [120.13767259612031, 23.561932135424872], [120.14322932255553, 23.56800821633681], [120.14073263372964, 23.58345607318456], [120.14477656763437, 23.59719936046577], [120.14129060594958, 23.598435629193443], [120.141574336485, 23.61206841457693], [120.13313052694546, 23.615686031038578], [120.13859071629993, 23.61600728419938], [120.13591610634158, 23.61851013545815], [120.14151339159996, 23.618682625442826], [120.14153558215025, 23.620775295506906], [120.13345948434385, 23.619500922613582], [120.13999957059772, 23.621293588715243], [120.14395683149687, 23.64932696446927], [120.16318546900602, 23.68334906147222], [120.17873065622975, 23.701796855531185], [120.18678428802781, 23.70075531108619], [120.17179340034987, 23.703379085114875], [120.17139700708476, 23.721752019269964], [120.16675160770356, 23.722454046171055], [120.16605170156774, 23.718337385520105], [120.16511226036302, 23.717544452527004], [120.16354188077217, 23.71738718555627], [120.16665830755161, 23.72425933979078], [120.16322306491092, 23.724608861011404], [120.15949051352605, 23.71894552603843], [120.16305698656134, 23.724942324374936], [120.16700172278996, 23.724545692387192], [120.16676888430679, 23.7225805487852], [120.17169270385854, 23.722387818313802], [120.18037655919328, 23.75578065205426], [120.19819836368417, 23.7567184239493], [120.19874659811947, 23.772644917132176], [120.20496700393193, 23.77909912031884], [120.20286258742782, 23.779966526336377], [120.18981169216569, 23.76168606050561], [120.17083723212399, 23.75842512248292], [120.17119472316062, 23.755115501588676], [120.1628790508847, 23.77252922788158], [120.16191381994162, 23.779892032780033], [120.16641413618369, 23.76673797027707], [120.16620444995054, 23.771059603824078], [120.1723656406763, 23.769420038794937], [120.18535156731734, 23.800579631984647], [120.17825902280244, 23.79606585730603], [120.17972665553503, 23.799082588127725], [120.17407626695359, 23.800257841834373], [120.17516062694895, 23.79976252313346], [120.17338020118913, 23.799660536332325], [120.17223322844085, 23.79711935621004], [120.17090355358376, 23.797597626093854], [120.16925616126943, 23.794624768254526], [120.16707972584032, 23.79307135075821], [120.17292969192489, 23.800493230473478], [120.16070995580432, 23.785984899427916], [120.15674021273739, 23.784536656404313], [120.17545841162567, 23.803123013532414], [120.17041961421947, 23.806658115614383], [120.18024147074982, 23.806961190593757], [120.20610533754082, 23.822328701769504], [120.19404322610463, 23.816198665011687], [120.2041486918571, 23.82232102558554], [120.19961642983034, 23.82327723228029], [120.20812205898554, 23.82321495916819], [120.21050613254022, 23.821085006231442], [120.23170861980654, 23.81687792850974], [120.21275086282182, 23.82196782905073], [120.22306198164593, 23.83564987638614], [120.21870700471183, 23.84114490944398], [120.22793238033756, 23.846841658851407], [120.23336997696467, 23.844315630655274], [120.23335187645944, 23.83786617863038], [120.24223815461872, 23.842329981792222], [120.25615721311182, 23.833792509131214], [120.30814032834708, 23.82029746489297], [120.35814044022764, 23.822805703475893], [120.37031112266615, 23.828558377211063], [120.41035381681796, 23.826373818076515], [120.43314965453851, 23.83015730517283], [120.45208175739536, 23.81721637322182], [120.50883019569582, 23.800424868488765], [120.5513656991416, 23.801116868830285], [120.58692774840151, 23.791918485292076], [120.6403502196714, 23.786038160718185], [120.65597145989256, 23.753750969492565], [120.65571255833105, 23.734834926870985], [120.64427528361246, 23.736713082095477], [120.63970736392392, 23.729189194936776], [120.63898950980312, 23.710655513586893], [120.64550181228122, 23.703332038718234], [120.64807405697128, 23.682789853865764]]]]}}, {"type": "Feature", "properties": {"COUNTYNAME": "桃園市", "name": "桃園市"}, "geometry": {"type": "Polygon", "coordinates": [[[121.18979962366132, 25.093617942071088], [121.2122525897164, 25.10874567389962], [121.23956006343447, 25.11507572396779], [121.23915123668904, 25.120750690845206], [121.23988285650198, 25.11484507345559], [121.24654730373773, 25.11795328973775], [121.24096824827147, 25.118668918382802], [121.23973008860114, 25.123171475842664], [121.24380192238236, 25.118571746546703], [121.26037875612174, 25.121992331474612], [121.28355815173758, 25.117278089832098], [121.28272535565962, 25.10967316387133], [121.29162012146045, 25.102645485922228], [121.2983307652441, 25.10447842944577], [121.30273043116131, 25.096809284783436], [121.34926026579467, 25.082389238252162], [121.34246223097837, 25.080093578062005], [121.34797819072655, 25.078780527586765], [121.34052436210497, 25.074091349932285], [121.34989316749487, 25.076629223726503], [121.35344627299301, 25.073313909352297], [121.34645944902361, 25.070285262544598], [121.35489704363602, 25.065134458820786], [121.38830147032138, 25.063060318407892], [121.39091238142062, 25.060822787218072], [121.38447881195813, 25.05250839484427], [121.3927315977434, 25.055044035624434], [121.40068754424563, 25.05136311497609], [121.39400683415475, 25.050345507555082], [121.39438769360724, 25.047511533619463], [121.40306690676223, 25.045643744908315], [121.3906620796172, 25.041867029488987], [121.4010775329305, 25.037719498832445], [121.39827769542926, 25.030086634791946], [121.41212619627017, 25.01943143591994], [121.39247705042895, 25.01547635186136], [121.40315299566664, 24.999215340698456], [121.39401741259691, 24.993396852077982], [121.38413658588112, 24.995681920869103], [121.38538018004009, 24.985933626355198], [121.36904217883982, 24.976815391365704], [121.34269519575724, 24.982313332580944], [121.32725604756376, 24.978330797018963], [121.32350300604122, 24.971861090933416], [121.32822007483117, 24.972110376207926], [121.32797949293474, 24.94913622354893], [121.33160476011294, 24.94563861562157], [121.31577677739695, 24.93847666322876], [121.32203957192297, 24.92802826136071], [121.33977551603363, 24.928497397503012], [121.3175556783441, 24.916347789237534], [121.326211865909, 24.90915638996303], [121.32031930341168, 24.900207817050113], [121.3270158660421, 24.89591609827273], [121.33330439069363, 24.899382852014533], [121.33367795489508, 24.89151101321103], [121.34216559707397, 24.892548741222075], [121.34566201967517, 24.879968211246084], [121.35442301486196, 24.873422161891472], [121.34504640124126, 24.866940952594003], [121.35803187427665, 24.853220476542152], [121.33720727766152, 24.848395040285315], [121.33608201614777, 24.843835409328992], [121.35480620419723, 24.84398245767403], [121.37356102564951, 24.833273808153017], [121.39350376541249, 24.843940313505854], [121.40711858268544, 24.841651108006477], [121.41562041974755, 24.835551199054944], [121.41706293479531, 24.825326535805853], [121.42365321393693, 24.825387089031892], [121.43655909076487, 24.812038997862874], [121.43814999684994, 24.795461880933836], [121.45037055762751, 24.79092469615478], [121.44610397994784, 24.781890610630324], [121.42330173565199, 24.761899222754185], [121.43418424277677, 24.73013884219443], [121.44099609446964, 24.72601972826329], [121.45021162273133, 24.70569561134232], [121.47419573135907, 24.69605478747557], [121.47984561768031, 24.673776169849788], [121.4591560586266, 24.672807537384465], [121.44936036467026, 24.66191961343138], [121.45134440541844, 24.6509569295201], [121.42761095024775, 24.605766479202227], [121.41853807001806, 24.601099621415944], [121.41271058158962, 24.603632572276208], [121.3940264507088, 24.587203323259992], [121.37283696630773, 24.59368545623868], [121.36335924892019, 24.60307548350272], [121.35880905040844, 24.617082827811693], [121.36641088584655, 24.631688849038778], [121.35785574490433, 24.633695485457974], [121.35241301221527, 24.64354906910896], [121.35350923245709, 24.66772111736034], [121.33920308212417, 24.666521414258472], [121.33872787310301, 24.679594480615737], [121.32392546465238, 24.69504002766734], [121.29963337101631, 24.695339069282916], [121.30760953207977, 24.71996065215399], [121.29817323502019, 24.732561306414997], [121.30770284443898, 24.75502582221948], [121.30139293409829, 24.763103527384203], [121.26001585706226, 24.78195641539203], [121.26049090573802, 24.792932210867054], [121.24775469744245, 24.796680704794476], [121.24348736492273, 24.80866204578784], [121.22163199864558, 24.799342289210497], [121.21956313068324, 24.81180969270632], [121.2046910162727, 24.80724633338456], [121.20330013598061, 24.817313021020258], [121.19881104013386, 24.81494454169994], [121.17367503419493, 24.827668269181494], [121.17620056817577, 24.83209860852994], [121.14996471226108, 24.844325288907733], [121.16138904673781, 24.859493052375743], [121.15571048441232, 24.880653611368874], [121.13904949851643, 24.882430465354382], [121.13559156999206, 24.877993948041095], [121.11632596541243, 24.881684473933785], [121.10778227432645, 24.886056073731396], [121.1090627501467, 24.89774308252745], [121.09117622870869, 24.893387086009163], [121.05794356321077, 24.905454572772083], [121.0583551258982, 24.936684450278168], [121.04627272928238, 24.943536547447362], [121.03802924971664, 24.94637145559321], [121.0193324296938, 24.940411175807256], [121.0071024641934, 24.946229219525073], [120.99270340106742, 24.93507905965734], [120.98603570111636, 24.939448358065867], [121.01244009251654, 24.974286180727965], [121.00986217751331, 24.98948007730442], [121.01790146464899, 24.987599136737824], [121.01807136431458, 24.988276282096496], [121.00935265930076, 24.990220483727473], [121.05187748857543, 25.041873071897335], [121.08271658788848, 25.051836832952365], [121.0910143704241, 25.061814470444006], [121.1199517952689, 25.07472894959233], [121.15977699458148, 25.082207961519835], [121.18979962366132, 25.093617942071088]]]}}, {"type": "Feature", "properties": {"COUNTYNAME": "屏東縣", "name": "屏東縣"}, "geometry": {"type": "MultiPolygon", "coordinates": [[[[120.70385089183644, 22.054733586146995], [120.70342219152894, 22.055391140264064], [120.70521698059675, 22.055883991385453], [120.70385089183644, 22.054733586146995]]], [[[120.35878313463898, 22.321686188884627], [120.35286699498329, 22.326035995754538], [120.36333025360939, 22.340100432712493], [120.36087806840875, 22.34643055696971], [120.37785858416436, 22.355757608277862], [120.38870712145273, 22.35038707357505], [120.386803603081, 22.34160639580828], [120.35878313463898, 22.321686188884627]]], [[[120.88890926757745, 22.130464455275604], [120.88934281716976, 22.13040878028667], [120.88888289352306, 22.13040233534919], [120.88890926757745, 22.130464455275604]]], [[[120.8875779802488, 22.124585864489248], [120.88861358769498, 22.124870151795992], [120.88734104444373, 22.123908503750258], [120.8875779802488, 22.124585864489248]]], [[[120.69254596217262, 22.009621056284804], [120.68622478094984, 22.02991534340689], [120.69776559953526, 22.04147553191148], [120.69465247954166, 22.04728190068956], [120.69758723776552, 22.054996119640407], [120.70366984981307, 22.0541425666091], [120.70723194868421, 22.056616421723284], [120.69927150359072, 22.08260778482554], [120.71623750622757, 22.09179241941532], [120.71611016427734, 22.10511029680762], [120.70992775782973, 22.12399756392477], [120.70246341306809, 22.13124201265103], [120.7033042584765, 22.137324281111876], [120.69844918413523, 22.1401244132106], [120.7005900208067, 22.148927345880832], [120.69340253338575, 22.177746821291624], [120.68393397385692, 22.1973474383713], [120.68578852880303, 22.2087712407678], [120.67221735456468, 22.23372890539436], [120.65089115417621, 22.25263640373316], [120.65399748086132, 22.25631431558977], [120.64934226747125, 22.255712714246584], [120.65237639199874, 22.267773578999044], [120.64249731388261, 22.303088670443714], [120.60774923494212, 22.33873660322434], [120.58494004260248, 22.372300174745707], [120.51347970971236, 22.416210705740447], [120.45237593829191, 22.445929610343168], [120.45505635211985, 22.44845173866857], [120.45141382758183, 22.44740075555161], [120.43533598303058, 22.464144211602957], [120.44557331946541, 22.464258848834756], [120.44364365959098, 22.46727095611871], [120.4372926096, 22.464909708998274], [120.4399921047212, 22.469888905930254], [120.43460871813303, 22.467697739543606], [120.43393451364261, 22.473374026664363], [120.4240574512121, 22.47702838409176], [120.42285066952219, 22.51842453890958], [120.43086535881181, 22.54392572817761], [120.44205433544505, 22.560185743995703], [120.4470427335141, 22.586513896546943], [120.44547696533617, 22.599568730134347], [120.43366151102003, 22.617777563725724], [120.43608125790152, 22.661415251501023], [120.45529671226866, 22.716108483825135], [120.45379720181852, 22.769434941065057], [120.46877302830202, 22.83067539761452], [120.47634722958587, 22.838189610505374], [120.49272703898984, 22.837284750865148], [120.51001047629005, 22.828530701890788], [120.53058776568479, 22.832993410088182], [120.55322681475815, 22.828382952094586], [120.60535794828904, 22.872995409038495], [120.64493085869947, 22.885155778887174], [120.64852334470179, 22.877085327555633], [120.65799127030249, 22.879826620564735], [120.6605594787563, 22.859974842569844], [120.67222800463361, 22.856368733549974], [120.67907769351716, 22.862912517901794], [120.69053522673396, 22.864861246800167], [120.70433959422144, 22.88054199406314], [120.72504176830012, 22.880803549144336], [120.7550999293492, 22.86464215884149], [120.77880568459096, 22.83518954813504], [120.79258075070797, 22.84102029266246], [120.79352693483145, 22.85210993156743], [120.80101940547054, 22.85099531081076], [120.82335028014721, 22.86587645822229], [120.83290409503662, 22.86627056259094], [120.84359533128266, 22.853587772087007], [120.84820910840247, 22.85185594306109], [120.8531609509878, 22.857604589373185], [120.85986963946482, 22.851491924925895], [120.86545897071457, 22.835752696176133], [120.86163033145407, 22.826359030388403], [120.8685703390177, 22.816913512715814], [120.89115767605833, 22.81163814767856], [120.90366238546648, 22.79805868907344], [120.90385249778073, 22.775645119339504], [120.89194367933337, 22.76377240971906], [120.89505956425225, 22.73866029175252], [120.8837998875535, 22.717295337836084], [120.85841271874642, 22.713601175909858], [120.84858317407462, 22.71697211053213], [120.83721463308117, 22.69733126587109], [120.82029276784101, 22.695714500054653], [120.81906448600158, 22.690827172063845], [120.81161342213676, 22.692046799383686], [120.80908158912536, 22.688232577844612], [120.78673382772844, 22.692931963369215], [120.79159461204812, 22.67928773475301], [120.78583933845682, 22.66143643476647], [120.75507818033884, 22.61741941832147], [120.75463197162006, 22.600786780925535], [120.74581693934293, 22.58958204173456], [120.74879564988626, 22.57209901734951], [120.74157234526471, 22.568718627560763], [120.73907920803903, 22.553683893745955], [120.74991365843762, 22.534368088902077], [120.75364567330386, 22.51098091547799], [120.76431519351111, 22.49520134376255], [120.75766962665747, 22.48198778987098], [120.75080903803861, 22.47920473470563], [120.75460658696181, 22.471317291480403], [120.75103729700126, 22.459013475787913], [120.77617274679069, 22.450188441484958], [120.77508284173061, 22.443442740145624], [120.78958240867608, 22.417749749806543], [120.77994871442786, 22.409247240379315], [120.75349937629856, 22.405002710893363], [120.75766379091455, 22.39821039319103], [120.75220046443982, 22.39249189232753], [120.7565379120376, 22.388364182166235], [120.74346228824089, 22.36734295002843], [120.76302436508858, 22.35913599733435], [120.76735498436398, 22.347645090468955], [120.78486344640129, 22.34569171366978], [120.79261294150074, 22.335541407057864], [120.79672694292904, 22.31744728564628], [120.78727532126977, 22.30923850225917], [120.77813373004355, 22.308557828390352], [120.77776048515041, 22.29787745623429], [120.789859469785, 22.293377894967886], [120.79326982232482, 22.285802312879838], [120.80559115197798, 22.284049708587663], [120.80669185200927, 22.27720940126493], [120.79800812369015, 22.276453705575054], [120.79628500755236, 22.26987641227649], [120.7990821248157, 22.257118024862834], [120.81538896917023, 22.263177351673153], [120.83460793442283, 22.24530857682798], [120.85867246879413, 22.24080180067422], [120.86432630804175, 22.234218234940368], [120.86215451864787, 22.230619464017686], [120.88050365470208, 22.234529021763954], [120.89627582517147, 22.24637777294378], [120.89927144894479, 22.234033800639796], [120.89388519656694, 22.219519058377486], [120.89640927791636, 22.20347148156405], [120.89065611700671, 22.19549478168304], [120.8942449183141, 22.17259449485054], [120.89117476357052, 22.14813134709169], [120.89708092810585, 22.14338901099766], [120.88524453727621, 22.131761157284746], [120.88749103733792, 22.11934818045643], [120.89239961059938, 22.10891290660156], [120.90204236012272, 22.105349154846813], [120.89912689777697, 22.09434637306153], [120.8907067076852, 22.08681731718142], [120.8933822283641, 22.048768015122313], [120.90125924306967, 22.03409615982974], [120.88812458477386, 22.02619828408491], [120.88722167494954, 22.016991819271457], [120.87668511360023, 22.01161458441631], [120.87578747503456, 22.00026956944296], [120.84490694049401, 21.988103633397216], [120.84074126562618, 21.959313648534774], [120.84104690278753, 21.949480058458406], [120.86150525651159, 21.917147588531883], [120.86595487305526, 21.899597012887078], [120.85178318449995, 21.897836973008904], [120.84685870660003, 21.913404013355716], [120.83640135367202, 21.91662504571271], [120.82214544468124, 21.934715332043897], [120.81267785694689, 21.933526109470694], [120.80490476900489, 21.941230608535893], [120.80039441035537, 21.93713592593649], [120.79642516660151, 21.94343566377388], [120.78255611672368, 21.944232989291148], [120.766129736532, 21.959059599842956], [120.75392725886856, 21.956352188558185], [120.74363727969612, 21.944485811866873], [120.74711123887673, 21.93175127528569], [120.74010056798069, 21.926806170200617], [120.73959478692487, 21.91940340614501], [120.72466102167887, 21.920309143028575], [120.71928482914278, 21.932859343473638], [120.71135160647788, 21.934125771624128], [120.7102328587793, 21.93961539876781], [120.71432255761255, 21.98082117519676], [120.69254596217262, 22.009621056284804]]]]}}, {"type": "Feature", "properties": {"COUNTYNAME": "臺中市", "name": "臺中市"}, "geometry": {"type": "MultiPolygon", "coordinates": [[[[120.53191138473629, 24.3145440475845], [120.53307144788641, 24.318487994093893], [120.53480817617388, 24.31921785766584], [120.53191138473629, 24.3145440475845]]], [[[120.53432955553043, 24.316271517578752], [120.53444368864909, 24.3135723749684], [120.53119680538714, 24.313908774370265], [120.53432955553043, 24.316271517578752]]], [[[120.48238494102522, 24.236537112460248], [120.47690093750164, 24.233628887858043], [120.49066873212095, 24.25518191065867], [120.48626386254078, 24.257311764779914], [120.49312682996886, 24.266089249133913], [120.49825150356648, 24.263887079090935], [120.508013710953, 24.283238422342254], [120.49279560226186, 24.29725863280963], [120.51121007038755, 24.292721051756658], [120.52473458272077, 24.308161561809722], [120.51959237396339, 24.312971681289355], [120.52838954085118, 24.313841356830025], [120.54210061738728, 24.30611355251826], [120.54940589901989, 24.30579227957339], [120.54589186196878, 24.307921828646016], [120.55018587166131, 24.31615135286194], [120.53874400846354, 24.322643019281273], [120.55156131841233, 24.32360230978217], [120.55302849569387, 24.324577192452438], [120.55023442930302, 24.329663330554702], [120.55424401673149, 24.33011069169855], [120.55123945562649, 24.332216971603156], [120.55556376339345, 24.334229007182593], [120.55284409221413, 24.3359775914402], [120.56143907714929, 24.35953075366806], [120.58872054148664, 24.38973695468089], [120.59551377493123, 24.409971942241853], [120.61400414358727, 24.429331157033783], [120.61729297658746, 24.427056074642948], [120.61800212652597, 24.42743489688435], [120.61466198415215, 24.430140923286732], [120.62117546748395, 24.44094524622248], [120.63960274215013, 24.427793802454246], [120.64602049586964, 24.41221095145213], [120.66371577103995, 24.402220080523744], [120.69276390982127, 24.3671475240674], [120.70743995969808, 24.36166441804999], [120.70727632285548, 24.35781061078993], [120.73052827025802, 24.351709179928406], [120.76285443237677, 24.326071927784575], [120.80687475525642, 24.31547005237451], [120.83793035953278, 24.289312576991573], [120.85633711934783, 24.288947856799403], [120.87555606480345, 24.294933773996686], [120.91183956024862, 24.29401868445068], [120.92242968845605, 24.304067804804443], [120.91634962758512, 24.334728506410812], [120.93566937080828, 24.342855550386474], [120.9664432399563, 24.33341833136354], [120.98193794206122, 24.33586561751296], [120.9917089694554, 24.329581873657247], [121.00359776503879, 24.332482683639135], [121.0178139335569, 24.31144759748371], [121.03385121912656, 24.297871383217075], [121.04908315792932, 24.29605218000244], [121.05519383699907, 24.310397517563658], [121.06995010825156, 24.31569335889397], [121.07286579104276, 24.32283842453333], [121.08119741174166, 24.324059909349316], [121.08634923390318, 24.31754877061917], [121.0916767847762, 24.318577259859694], [121.10812715080762, 24.33088384894978], [121.12141510541203, 24.33076517049706], [121.12398296751529, 24.340776440553665], [121.14061650953296, 24.35959927173276], [121.16797586234145, 24.360976870470502], [121.17295733495148, 24.373341448377367], [121.18959467582197, 24.381538030525437], [121.19662909545153, 24.39662850856685], [121.20975060110138, 24.39612794143591], [121.2153985004596, 24.379482875993215], [121.23123979971663, 24.383865848340008], [121.23404347078717, 24.39737651101874], [121.24285658512976, 24.405836642428806], [121.24519858081474, 24.42272056304149], [121.25946177429763, 24.42912124106754], [121.3046937892466, 24.432836778020697], [121.31673917059453, 24.441708662907377], [121.32740400019557, 24.433403949465767], [121.32660801451367, 24.398847787384398], [121.33827576902948, 24.389916957857793], [121.353592229086, 24.393618274135598], [121.36400703648768, 24.389505755482304], [121.37304862766588, 24.368474636096774], [121.38120002977706, 24.367522202853298], [121.39982071728043, 24.380120691607203], [121.43269831324251, 24.38390704516166], [121.43731229796974, 24.383313752162525], [121.44173021687989, 24.37373416698852], [121.44701718286957, 24.37550228198493], [121.45099901378815, 24.365395636699976], [121.44070147557348, 24.35932866404342], [121.43473137560542, 24.348149249511714], [121.43374245435854, 24.322289602390804], [121.42145714610983, 24.308235757686006], [121.40447691939963, 24.308782879685374], [121.40279254203787, 24.29740795469237], [121.39586859185917, 24.28916187512456], [121.39020879823848, 24.290262217265077], [121.38005364032513, 24.280296903265693], [121.38463291732309, 24.255516144997085], [121.36663035973487, 24.25269375169918], [121.36059679176056, 24.24459555787214], [121.3521607802049, 24.244283401989133], [121.35191045798362, 24.235001982602164], [121.3426922836257, 24.224079905348123], [121.32625101042649, 24.232969449781248], [121.30094510466914, 24.2372159328338], [121.29296996914871, 24.229712857839267], [121.27980182734987, 24.230227717341187], [121.26461380398298, 24.246281038872212], [121.25469485690583, 24.243675135927514], [121.24412401576042, 24.223186136329158], [121.23767464362308, 24.22019862349567], [121.21951975093323, 24.229721189370725], [121.2081535130674, 24.22227454242532], [121.19627813154288, 24.223657877761582], [121.18130578082135, 24.21263842241787], [121.16748669565301, 24.225931395542656], [121.16076240916126, 24.21565697796564], [121.1477423671845, 24.21357766782253], [121.13608617064922, 24.197065343951085], [121.10148042722557, 24.19662536455965], [121.0847294771995, 24.176842980433804], [121.05235829785184, 24.155592773200958], [121.04736146817146, 24.16083825094162], [121.03782007105644, 24.158960607598857], [121.03317629642217, 24.149381373154586], [121.02774706368524, 24.160308150915697], [121.01939784241114, 24.159591514147515], [121.01208996957736, 24.15419484022613], [120.99963649638832, 24.127885364245962], [120.98904125699676, 24.118710923382565], [120.9751565457209, 24.116826477821693], [120.94989435471588, 24.12784991266722], [120.91973559492813, 24.107432407767767], [120.8915353413831, 24.115900515276817], [120.89137375932928, 24.09780538188883], [120.87808672157152, 24.084984730672655], [120.87915587810265, 24.10925471902629], [120.87245916503673, 24.116840679494793], [120.85865066343149, 24.11620111849522], [120.8539251799719, 24.12448793533074], [120.84484755133373, 24.12451970676172], [120.83033451939592, 24.102571819197596], [120.82933237419938, 24.071430590531314], [120.80889251466704, 24.066106508157695], [120.79166831821378, 24.03073491791793], [120.77528125946648, 24.018529069299536], [120.77064051091044, 24.009086289260264], [120.74599138832089, 23.998486416684514], [120.73176902637262, 24.008960950555686], [120.70644911560105, 24.005154990753184], [120.69150691600156, 24.008314359341632], [120.64555693283619, 24.034229541008223], [120.64467893359318, 24.02586066902744], [120.63607689415346, 24.03107568263923], [120.62513081920378, 24.03018426908761], [120.62545225896008, 24.068740100253905], [120.61850018858888, 24.07547903332677], [120.61251115074064, 24.102540697328205], [120.54982900694795, 24.113824611707184], [120.53274019008937, 24.126287492241328], [120.52352560418723, 24.139784150774116], [120.52578361845397, 24.14902328629534], [120.50834356773328, 24.186774312573704], [120.48590467268795, 24.197417093735208], [120.49390229735293, 24.21362954602391], [120.4879211834904, 24.20546955996328], [120.46078067654922, 24.215601739982457], [120.46829946413061, 24.213138246364565], [120.46124473266501, 24.21674337278078], [120.46888117634369, 24.214515041513373], [120.48238494102522, 24.236537112460248]]]]}}, {"type": "Feature", "properties": {"COUNTYNAME": "臺南市", "name": "臺南市"}, "geometry": {"type": "Polygon", "coordinates": [[[120.57824132019417, 23.214778702494204], [120.59248835580962, 23.239846836600616], [120.59725628775908, 23.22899586055209], [120.60983067356005, 23.222627805191813], [120.63402720086398, 23.229251425660042], [120.65433934095198, 23.224301546148272], [120.65625279047502, 23.217846768509983], [120.63694583790722, 23.191322167084135], [120.64109491429065, 23.182949268923476], [120.63617426320481, 23.175131332718212], [120.61656565679165, 23.163132779845924], [120.61178068255747, 23.151619131988582], [120.60105762655536, 23.144119827159404], [120.58845889500736, 23.123438773381], [120.58813321421606, 23.114175908047876], [120.56697597627604, 23.081924571065453], [120.48404441517987, 23.017026895253938], [120.47989100581343, 23.002681801185233], [120.46033771403366, 23.003386787637837], [120.46112709050782, 22.990771122276357], [120.45470969646743, 22.990627399393624], [120.45294200467312, 22.97770914702468], [120.4426294493019, 22.977352675104957], [120.4164958938216, 22.916345403986234], [120.40869521427, 22.912343200636098], [120.39858112879853, 22.922442715740917], [120.38680418071375, 22.918271035574225], [120.38158988333205, 22.921138335247626], [120.37117376340998, 22.912261327703398], [120.37248687957117, 22.90665177749884], [120.3594626615667, 22.901394239511873], [120.36106749498371, 22.897808420240153], [120.35196150713729, 22.88749051718809], [120.33220476889399, 22.88935100145497], [120.32491407568384, 22.90042836273158], [120.3196968089847, 22.894942736826387], [120.31428666571871, 22.899751033410546], [120.28445548976245, 22.904742775450547], [120.27793747029959, 22.904331739997787], [120.27949710320034, 22.89629276946445], [120.25892963564158, 22.90186978845511], [120.25875368963199, 22.895274665703546], [120.25399308971227, 22.894311009946755], [120.23280478780602, 22.905627430964945], [120.22952423928002, 22.916905989554795], [120.2176397870188, 22.909664876552004], [120.19204595865948, 22.92120219250129], [120.17503992092708, 22.911751354531273], [120.17216768599266, 22.947409493522056], [120.16329733176097, 22.96507651425952], [120.15531754567633, 22.964800987974236], [120.15827904549505, 22.969881614675334], [120.15298167356208, 22.970379955337446], [120.15945875249089, 22.973743531567926], [120.15000135254498, 22.986246861507567], [120.1091828627549, 23.020053650398], [120.05542419679034, 23.04653555451647], [120.0487844879873, 23.059547745498506], [120.03171414729731, 23.072531662053084], [120.03489583216425, 23.101198453942057], [120.06163945795673, 23.14351018046987], [120.06876355860072, 23.179562125525106], [120.06867455367329, 23.18053275251872], [120.06611866204547, 23.181704610324807], [120.06523772718661, 23.182741769725933], [120.06965404333673, 23.183186088634194], [120.06568284764603, 23.18441111295646], [120.08059578372435, 23.205245414874135], [120.08044334750932, 23.20799548307303], [120.0758010082444, 23.209166187587723], [120.0740702573427, 23.21155135575046], [120.0824072678119, 23.21005925757178], [120.08178932330318, 23.21436258715868], [120.07453264120946, 23.213053364871822], [120.08282205660284, 23.22152942480058], [120.08110616185154, 23.235297733455905], [120.0874251946638, 23.238164762666788], [120.09514463856685, 23.29024739376472], [120.10820092659182, 23.297450590978116], [120.10483894885809, 23.300850750441878], [120.11563927935846, 23.3226505487188], [120.11696410443724, 23.33955406676855], [120.14750065824131, 23.320690104598082], [120.14971080518121, 23.313198750332713], [120.16857242649847, 23.30682593831493], [120.17857162719923, 23.29179684902677], [120.1890687641925, 23.29023806542484], [120.18842862314374, 23.301235038954974], [120.21235384962321, 23.291673404788433], [120.22280308487424, 23.29853880921916], [120.23787908567289, 23.326900789658183], [120.25638449502547, 23.331071767315052], [120.2670243044481, 23.34058986296706], [120.26749495560756, 23.344752552241115], [120.26071530142111, 23.34447208095602], [120.26610751956493, 23.352644805258223], [120.27777013735076, 23.347699088562194], [120.28622734737549, 23.350289311103623], [120.28378206484837, 23.36204136305427], [120.29274542076526, 23.37529731599744], [120.3109716150006, 23.37544418058574], [120.31244500468577, 23.386965620129697], [120.33339375492086, 23.385855671897424], [120.34862761967868, 23.401096376479988], [120.38109637972644, 23.403434027979213], [120.40810699752936, 23.41342460496125], [120.42003615583023, 23.403435046283448], [120.43987575097891, 23.413727124246392], [120.47333060430529, 23.398124306821902], [120.47937628076666, 23.387595002212098], [120.49010334872824, 23.395538408178002], [120.49492414674783, 23.394350732552397], [120.49892416515824, 23.387179973469333], [120.48455786405856, 23.379658757604755], [120.48395301052834, 23.36957447244694], [120.48846235411017, 23.373058946551282], [120.50484920451753, 23.368898578405084], [120.51246714071422, 23.356356960436056], [120.50473932186033, 23.354723139773405], [120.50507793953156, 23.344822684435105], [120.53370881393123, 23.336474747203106], [120.53997653608121, 23.327908971535813], [120.52252506210996, 23.31175903866353], [120.52627784547514, 23.295408649197544], [120.52044105553439, 23.27170821828262], [120.53228831108288, 23.25515224320755], [120.51903123279514, 23.23899826597423], [120.52636458332226, 23.23106676570106], [120.54146794265573, 23.22782372905396], [120.55502241660687, 23.217450086503867], [120.56534884366208, 23.220976135500898], [120.57824132019417, 23.214778702494204]]]}}, {"type": "Feature", "properties": {"COUNTYNAME": "基隆市", "name": "基隆市"}, "geometry": {"type": "MultiPolygon", "coordinates": [[[[121.78196304432356, 25.18913554912561], [121.7841516771372, 25.193468771363182], [121.78899513623657, 25.195117924643146], [121.78849888120381, 25.19146906072864], [121.78196304432356, 25.18913554912561]]], [[[121.73840492756868, 25.160919641416513], [121.73845577301981, 25.16130909578936], [121.73852958070981, 25.16129853537802], [121.73840492756868, 25.160919641416513]]], [[[121.77910074323397, 25.15198378946267], [121.77946855329496, 25.151611205432534], [121.77897652404211, 25.15185340637713], [121.77910074323397, 25.15198378946267]]], [[[121.78260917870098, 25.1520487971923], [121.78275175855002, 25.15117772344394], [121.78149325189722, 25.151582471172024], [121.78260917870098, 25.1520487971923]]], [[[121.73386615692426, 25.15875384454109], [121.74792262532566, 25.156390332481454], [121.764847262532, 25.16363868583885], [121.77990289668033, 25.159041992774952], [121.77658289911518, 25.15888780853834], [121.76876656292804, 25.154238757985386], [121.7764392714499, 25.15208858483568], [121.77445633598789, 25.156278505358834], [121.77758157850931, 25.151487054809575], [121.78990071703737, 25.148222194013936], [121.78431900881944, 25.147051105055958], [121.79380936315553, 25.140513143674777], [121.79093943005418, 25.148198595649124], [121.8081846179129, 25.147021835639013], [121.80247925479371, 25.141379075644352], [121.80315054207317, 25.122212893508802], [121.79452864963794, 25.126230542194126], [121.79765786156646, 25.11423268483667], [121.79027743532235, 25.112220015289935], [121.78593314529154, 25.1181920779967], [121.77363690697436, 25.120269638316266], [121.76690807704662, 25.112529966350234], [121.75002640338222, 25.10974381117797], [121.75592907684003, 25.108508435014894], [121.75990022715399, 25.100611151614327], [121.76117446025793, 25.07897238099752], [121.76937302507345, 25.07791676730204], [121.77571073298431, 25.070022252684346], [121.76401288354862, 25.057453719570383], [121.75692933505124, 25.059340927094436], [121.74325547013986, 25.05249155887467], [121.73009142625958, 25.053349232705756], [121.71236001514211, 25.068024001627258], [121.68837773456842, 25.071767634865488], [121.6790927271899, 25.07878719317838], [121.68115898612285, 25.088070011557182], [121.67404204974311, 25.0829317969025], [121.65569062359438, 25.093450351845554], [121.6489343300224, 25.10172252344493], [121.65220539244137, 25.10473468220529], [121.64316971475313, 25.127652881916188], [121.63313677846686, 25.130993863539135], [121.62678703069638, 25.13960418499722], [121.6775885142469, 25.15573046577651], [121.70933947741082, 25.175985305302326], [121.70724782390695, 25.164830591302067], [121.73055602676503, 25.16384591007502], [121.73386615692426, 25.15875384454109]]], [[[121.78375921541439, 25.195123002127612], [121.78313664051515, 25.195315897364548], [121.78383063541176, 25.195576287791084], [121.78375921541439, 25.195123002127612]]]]}}, {"type": "Feature", "properties": {"COUNTYNAME": "連江縣", "name": "連江縣"}, "geometry": {"type": "MultiPolygon", "coordinates": [[[[119.97043746883782, 26.16379429833892], [119.96773165545065, 26.156991533843463], [119.96467287562108, 26.15582324347459], [119.96275546216083, 26.150818946036768], [119.95539784147051, 26.151690288851], [119.94746663404607, 26.14188856671944], [119.93989499745686, 26.144043102201408], [119.92940376621944, 26.136771385778992], [119.91421284859227, 26.14406684452022], [119.92272474619993, 26.156370150103662], [119.91782105456758, 26.15823533711984], [119.92407366748921, 26.164666767844277], [119.92219041563388, 26.174224057725645], [119.93484137628349, 26.170657269941728], [119.92923000777256, 26.16086620258764], [119.93698463615738, 26.160702001725927], [119.94091485924334, 26.15367192162711], [119.95716060858841, 26.167278989491006], [119.95911340371418, 26.163109485275548], [119.9734235764352, 26.167355785453214], [119.97050762309841, 26.164970133471353], [119.97043746883782, 26.16379429833892]], [[119.97007311529417, 26.16390284291249], [119.97028472319727, 26.164075881013115], [119.96997740675526, 26.163836271574034], [119.97007311529417, 26.16390284291249]], [[119.96984097440188, 26.163749581903755], [119.96990125609386, 26.16379015141254], [119.96988826907831, 26.163781411257624], [119.96984097440188, 26.163749581903755]], [[119.96994253255359, 26.16383269304019], [119.96992629250971, 26.16380488041849], [119.96996488622564, 26.163827538900325], [119.96994253255359, 26.16383269304019]]], [[[120.00133804610842, 26.240666472501804], [120.0065310969298, 26.24735337817359], [120.01206340093383, 26.249425020247035], [120.00133804610842, 26.240666472501804]]], [[[120.01266167952566, 26.249714434251803], [120.01220318033185, 26.2502996711453], [120.01284496961387, 26.250634314697432], [120.01266167952566, 26.249714434251803]]], [[[120.01298747649187, 26.250724374679304], [120.01515118481822, 26.254214664158077], [120.02060787720082, 26.252809642971943], [120.01910431278797, 26.251071436727635], [120.01298747649187, 26.250724374679304]]], [[[119.99769185094644, 26.256361306116318], [119.99787929934642, 26.257422812892894], [119.99843397337591, 26.257132509043284], [119.99769185094644, 26.256361306116318]]], [[[119.99820466582214, 26.255664364129306], [119.99849887859136, 26.256233838393474], [119.99881716574727, 26.256121028055137], [119.99820466582214, 26.255664364129306]]], [[[119.99874913774734, 26.254845458832342], [119.99804048151361, 26.254974340406644], [119.9988670715917, 26.25533449722777], [119.99874913774734, 26.254845458832342]]], [[[119.98258643591916, 26.27131893718983], [119.98190978818883, 26.272344982958174], [119.98248543105177, 26.272200136164777], [119.98258643591916, 26.27131893718983]]], [[[119.986830809393, 26.276704364501633], [119.99221444771342, 26.28170191191788], [119.99797200974766, 26.281820648804967], [119.99342497951376, 26.265730213935743], [119.9843238978594, 26.26800297835892], [119.98974764906036, 26.27448842568949], [119.986830809393, 26.276704364501633]]], [[[120.0209533665781, 26.23656090212816], [120.02253311287227, 26.238120668225932], [120.02252591606913, 26.23692494547328], [120.0209533665781, 26.23656090212816]]], [[[120.01783790388157, 26.23910161776594], [120.017297130019, 26.23667506662193], [120.01663938320276, 26.234383369636618], [120.01783790388157, 26.23910161776594]]], [[[119.99847451131293, 26.25542987255752], [119.9986884284199, 26.25574516953375], [119.9987761372073, 26.25533789107389], [119.99847451131293, 26.25542987255752]]], [[[119.99186963802657, 26.283123433347356], [119.99230123981337, 26.284055742343522], [119.99256083355198, 26.28403740956528], [119.99186963802657, 26.283123433347356]]], [[[120.02038087632792, 26.226951970055634], [120.02038579958804, 26.22683697442], [120.0202228760087, 26.22683341798309], [120.02038087632792, 26.226951970055634]]], [[[120.01940314769315, 26.22385164460966], [120.01958159736864, 26.22383259135192], [120.01943463725931, 26.223742810210336], [120.01940314769315, 26.22385164460966]]], [[[120.01815378149838, 26.21648184355901], [120.01795404178513, 26.216597605207344], [120.01811997778684, 26.21660759746067], [120.01815378149838, 26.21648184355901]]], [[[120.01722342056078, 26.216515467739644], [120.0172487240334, 26.21670633167508], [120.01731631235661, 26.216680594649365], [120.01722342056078, 26.216515467739644]]], [[[120.01729934947285, 26.216924268804743], [120.01722239162515, 26.216973750123294], [120.01732343574817, 26.216985650970972], [120.01729934947285, 26.216924268804743]]], [[[120.01746346842067, 26.214295252330462], [120.01738688460735, 26.214396826380057], [120.01744816535114, 26.214484174723054], [120.01746346842067, 26.214295252330462]]], [[[120.01741690543565, 26.216789849733548], [120.01717505896343, 26.216736120965848], [120.0171026498201, 26.21676922213585], [120.01741690543565, 26.216789849733548]]], [[[120.0174341263515, 26.21606851259275], [120.01753865094894, 26.21651690349835], [120.01772575005363, 26.216374027710383], [120.0174341263515, 26.21606851259275]]], [[[120.01778961858489, 26.220720090275833], [120.01789452731173, 26.220605559192464], [120.01767255193386, 26.220593139048237], [120.01778961858489, 26.220720090275833]]], [[[120.02126692282971, 26.21302806792155], [120.02114725147149, 26.213165060369477], [120.02134815196607, 26.213153155739256], [120.02126692282971, 26.21302806792155]]], [[[120.019014312181, 26.212695324144725], [120.01881151709071, 26.21279432522518], [120.01912979489178, 26.212776658024875], [120.019014312181, 26.212695324144725]]], [[[120.01928516708368, 26.209906854305547], [120.01916266469794, 26.210004253946224], [120.01921929170979, 26.210043839303903], [120.01928516708368, 26.209906854305547]]], [[[120.0165142638352, 26.209013365930335], [120.01659888545329, 26.20918272772261], [120.01662871125176, 26.209157199709043], [120.0165142638352, 26.209013365930335]]], [[[120.02010422095802, 26.209259425096867], [120.01645017002396, 26.208764631232594], [120.02021483051107, 26.209809135592465], [120.02010422095802, 26.209259425096867]]], [[[120.01755360903127, 26.211348512797105], [120.0201182117742, 26.21193543516564], [120.02105736140686, 26.21209972731025], [120.01755360903127, 26.211348512797105]]], [[[120.0216562372609, 26.21239609489719], [120.02110942414058, 26.212091818043106], [120.02146049590769, 26.21251989595705], [120.0216562372609, 26.21239609489719]]], [[[120.02136797298117, 26.21266015030244], [120.02099017591702, 26.21285951227293], [120.021472531579, 26.21292422251983], [120.02136797298117, 26.21266015030244]]], [[[119.98852740892399, 26.22501120722262], [119.98858145306058, 26.225599435672862], [119.98875237482358, 26.225527257995825], [119.98852740892399, 26.22501120722262]]], [[[119.97810391196045, 26.207915414105482], [119.97830020757617, 26.208040168456396], [119.97822078453501, 26.2078650334675], [119.97810391196045, 26.207915414105482]]], [[[119.97284676648997, 26.192377834196733], [119.972885442007, 26.192609845328462], [119.97316646588854, 26.192598288472112], [119.97284676648997, 26.192377834196733]]], [[[119.97664221026619, 26.159762372969343], [119.97657437768078, 26.16004210954193], [119.9770173102529, 26.15981066318018], [119.97664221026619, 26.159762372969343]]], [[[119.97984557246399, 26.16750898864732], [119.97980725302632, 26.167467335976202], [119.97979107637444, 26.1675003765668], [119.97984557246399, 26.16750898864732]]], [[[119.97998532981605, 26.167440089533837], [119.97989627289138, 26.167411851065502], [119.97996183865746, 26.16745596006261], [119.97998532981605, 26.167440089533837]]], [[[119.97991634963213, 26.16748708360465], [119.97986600199744, 26.167457589753756], [119.97989465818415, 26.167511622930377], [119.97991634963213, 26.16748708360465]]], [[[119.97997120446422, 26.167336630077354], [119.97996966250078, 26.16739557562967], [119.97999003842767, 26.167385769599573], [119.97997120446422, 26.167336630077354]]], [[[119.97997806253167, 26.167503890713377], [119.97993576929599, 26.16748803343151], [119.97995134960041, 26.16753187254677], [119.97997806253167, 26.167503890713377]]], [[[119.97907858775942, 26.16783572540003], [119.97908902671915, 26.16769129185436], [119.97905967237627, 26.16767904525475], [119.97907858775942, 26.16783572540003]]], [[[119.97906115808831, 26.167579682043563], [119.97958424952441, 26.167955231254393], [119.97910738683227, 26.167512726125203], [119.97906115808831, 26.167579682043563]]], [[[119.97856964916005, 26.16766783756561], [119.97854644990251, 26.167659387497533], [119.97854424612242, 26.167672605311985], [119.97856964916005, 26.16766783756561]]], [[[119.97820791967841, 26.16753663390692], [119.97815468248713, 26.167538235444965], [119.97820901294887, 26.167541889098164], [119.97820791967841, 26.16753663390692]]], [[[119.97804920638542, 26.16745079126725], [119.97803931098329, 26.16747490499423], [119.97809910440286, 26.16746337859385], [119.97804920638542, 26.16745079126725]]], [[[119.97833631109695, 26.16760438531296], [119.97829371969529, 26.167641357646627], [119.97835136838906, 26.167630011083176], [119.97833631109695, 26.16760438531296]]], [[[119.97853731721581, 26.16692207309019], [119.97841279852015, 26.166953663933942], [119.97849330621618, 26.167017311912073], [119.97853731721581, 26.16692207309019]]], [[[119.9765626579853, 26.1665337430948], [119.97656296839732, 26.166567659597632], [119.97657736206838, 26.16656005301755], [119.9765626579853, 26.1665337430948]]], [[[119.97668364946914, 26.166891121171172], [119.97661380084205, 26.166884631163548], [119.97670589383097, 26.166919079147956], [119.97668364946914, 26.166891121171172]]], [[[119.97369016038904, 26.167325990664015], [119.97350697453668, 26.16724443929328], [119.97349705206207, 26.167446603190022], [119.97369016038904, 26.167325990664015]]], [[[119.97970079568428, 26.16494135575247], [119.97964128264978, 26.16499379158189], [119.97973282383768, 26.164982146682153], [119.97970079568428, 26.16494135575247]]], [[[119.97972349717834, 26.165017616471758], [119.97969480861954, 26.16509453847242], [119.9797305435926, 26.16508761629319], [119.97972349717834, 26.165017616471758]]], [[[119.9795515996247, 26.16506995047813], [119.97944659795976, 26.165051921644537], [119.9794536432946, 26.165065579190227], [119.9795515996247, 26.16506995047813]]], [[[119.97955324021517, 26.164363358012245], [119.97949735827207, 26.164450498082033], [119.97959319233125, 26.16444020771406], [119.97955324021517, 26.164363358012245]]], [[[119.97924706851639, 26.163795600404665], [119.9791064633162, 26.163802218839542], [119.97922562804564, 26.16383867444945], [119.97924706851639, 26.163795600404665]]], [[[119.97895845024918, 26.16376672304757], [119.97892102746157, 26.163778822520303], [119.97893792920598, 26.16379836511535], [119.97895845024918, 26.16376672304757]]], [[[119.97902555022999, 26.16378080257152], [119.978973079208, 26.163790057035854], [119.97898408725945, 26.163805842363224], [119.97902555022999, 26.16378080257152]]], [[[119.97926937885299, 26.16369860151711], [119.9792416887393, 26.16372822751704], [119.97930666737635, 26.163735539394104], [119.97926937885299, 26.16369860151711]]], [[[119.97902819875888, 26.163790220742104], [119.97906497175562, 26.16381512474114], [119.97906054008054, 26.163788241090455], [119.97902819875888, 26.163790220742104]]], [[[119.9792206308514, 26.16405607341228], [119.9791955641005, 26.164111853634267], [119.97925547152603, 26.16408164902143], [119.9792206308514, 26.16405607341228]]], [[[119.97913467419386, 26.164095886047676], [119.97904602435027, 26.16412885262565], [119.97918739467244, 26.16413895412815], [119.97913467419386, 26.164095886047676]]], [[[119.97901451049736, 26.162481275895107], [119.97903326923635, 26.162549949767655], [119.97908767228789, 26.162465998325466], [119.97901451049736, 26.162481275895107]]], [[[119.97853517323672, 26.16588783434532], [119.97845100644999, 26.166094291106457], [119.9785979825688, 26.165914002406268], [119.97853517323672, 26.16588783434532]]], [[[119.97836851152566, 26.163488957685136], [119.97879541836954, 26.16352633310361], [119.97837274307807, 26.16341502471443], [119.97836851152566, 26.163488957685136]]], [[[119.97627737879004, 26.166271030995055], [119.97626530225489, 26.166251748941058], [119.97625969853742, 26.166263368168387], [119.97627737879004, 26.166271030995055]]], [[[119.97628722469437, 26.166170862666508], [119.9762605698912, 26.166173581102665], [119.97627198374153, 26.16619156875927], [119.97628722469437, 26.166170862666508]]], [[[119.9762976161337, 26.16621634386254], [119.97627171076466, 26.166233617090946], [119.97630573964823, 26.16623074567364], [119.9762976161337, 26.16621634386254]]], [[[119.97633624570595, 26.16637076634309], [119.97638092817184, 26.166392168718637], [119.97635040608151, 26.16634530114414], [119.97633624570595, 26.16637076634309]]], [[[119.97808491270317, 26.163178442404533], [119.97803295777724, 26.163161160930397], [119.97803496158124, 26.16319008002273], [119.97808491270317, 26.163178442404533]]], [[[119.97847070936056, 26.162319838864253], [119.97838387709086, 26.162328272420908], [119.97852547810824, 26.162368819234555], [119.97847070936056, 26.162319838864253]]], [[[119.9784709104935, 26.16213005647353], [119.97845456120665, 26.162178347923067], [119.97855488727073, 26.162139500562265], [119.9784709104935, 26.16213005647353]]], [[[119.97794043958028, 26.162288938175454], [119.9779896871522, 26.162386662036372], [119.97808278611835, 26.162360054442008], [119.97794043958028, 26.162288938175454]]], [[[119.97821332896426, 26.162380080230754], [119.97802809835146, 26.16257225955425], [119.97845052086615, 26.1624898267348], [119.97821332896426, 26.162380080230754]]], [[[119.97737627419295, 26.161946576765626], [119.97727256171176, 26.16196032215523], [119.97739635627818, 26.16197859437072], [119.97737627419295, 26.161946576765626]]], [[[119.9772599986262, 26.161870227368713], [119.97726980014686, 26.161851483655184], [119.97724922815918, 26.161850782848056], [119.9772599986262, 26.161870227368713]]], [[[119.97748491876212, 26.161669782301797], [119.97740607319443, 26.161863722675783], [119.9776375649919, 26.161777675649017], [119.97748491876212, 26.161669782301797]]], [[[119.97785960110936, 26.161826433132724], [119.97786146532536, 26.16197435536007], [119.97802746206251, 26.161960264292894], [119.97785960110936, 26.161826433132724]]], [[[119.9731061437476, 26.166412749586627], [119.9731185535427, 26.166451918859984], [119.97314441284564, 26.166415836163548], [119.9731061437476, 26.166412749586627]]], [[[119.97057030424385, 26.16437613194024], [119.97058316648027, 26.164420570053913], [119.97062315378265, 26.16437386498136], [119.97057030424385, 26.16437613194024]]], [[[119.97061485552537, 26.16417523590456], [119.97054049089985, 26.164355953461737], [119.97070961493797, 26.1642018286982], [119.97061485552537, 26.16417523590456]]], [[[119.97727479246953, 26.159798374019402], [119.97719183241806, 26.159715829473363], [119.97705804115212, 26.15989155753706], [119.97727479246953, 26.159798374019402]]], [[[119.97626746444263, 26.160127734339703], [119.97631113830857, 26.160146315999587], [119.9763203067822, 26.160114638925354], [119.97626746444263, 26.160127734339703]]], [[[119.97673337467484, 26.160299592825275], [119.97665545727763, 26.16029408173414], [119.97669674956406, 26.160359672296696], [119.97673337467484, 26.160299592825275]]], [[[119.97684015194318, 26.160154694295226], [119.97685119660353, 26.16026850348411], [119.97694338474955, 26.16020091074383], [119.97684015194318, 26.160154694295226]]], [[[119.97699212257528, 26.15948652801477], [119.97705856020691, 26.15958966998835], [119.97705892548194, 26.159498855590275], [119.97699212257528, 26.15948652801477]]], [[[119.9766659105595, 26.159587665965766], [119.9766130106048, 26.15951690284095], [119.97663718477979, 26.159599719784097], [119.9766659105595, 26.159587665965766]]], [[[119.97633523990456, 26.159516394204694], [119.9763140515393, 26.15953907294621], [119.97633718609151, 26.159535976799212], [119.97633523990456, 26.159516394204694]]], [[[119.97677105640152, 26.15966735959199], [119.97678965694878, 26.159533989036106], [119.97676827539999, 26.15951792230878], [119.97677105640152, 26.15966735959199]]], [[[119.9766969173174, 26.15963953086336], [119.97663953352712, 26.159626105596356], [119.9766880941386, 26.15966610337326], [119.9766969173174, 26.15963953086336]]], [[[119.97559588726631, 26.159989054732172], [119.97565389236642, 26.160105047993017], [119.97561436121545, 26.159984295873546], [119.97559588726631, 26.159989054732172]]], [[[119.97555128848171, 26.159937922494446], [119.97556954749363, 26.15994913721677], [119.97557796711234, 26.159926948636976], [119.97555128848171, 26.159937922494446]]], [[[119.97583918057927, 26.16015420997469], [119.97583895316224, 26.160195896440175], [119.97586519162718, 26.160167564281867], [119.97583918057927, 26.16015420997469]]], [[[119.97829096464562, 26.160245889870318], [119.97836787393518, 26.16038381906526], [119.97849085955907, 26.160304308441287], [119.97829096464562, 26.160245889870318]]], [[[119.97893545487797, 26.16215889149897], [119.97879583382863, 26.162488522339835], [119.97912498368053, 26.16235777126417], [119.97893545487797, 26.16215889149897]]], [[[119.97910145895113, 26.165888346634627], [119.97875108365677, 26.166035598142418], [119.9786053696504, 26.166202192351243], [119.97910145895113, 26.165888346634627]]], [[[119.97761018835735, 26.167609985112662], [119.97780150493453, 26.16334613439677], [119.97820331374662, 26.162853989264935], [119.97719694258033, 26.16199500214032], [119.97736863620278, 26.161458012438263], [119.97712395327785, 26.16149223062346], [119.97686248941608, 26.161330793063932], [119.97723994940773, 26.160825487416073], [119.97595922630025, 26.15998255726373], [119.97761018835735, 26.167609985112662]]], [[[119.96596240074348, 26.15597356604003], [119.96597264701904, 26.156022208844877], [119.96599077236536, 26.156002075981117], [119.96596240074348, 26.15597356604003]]], [[[119.9650609745044, 26.155487407842205], [119.96509687269891, 26.155517476645205], [119.96510012597827, 26.15549232792418], [119.9650609745044, 26.155487407842205]]], [[[119.96478026594232, 26.155675408528587], [119.9647749674591, 26.155830156532687], [119.96486462909368, 26.155734790257295], [119.96478026594232, 26.155675408528587]]], [[[119.96486904812956, 26.155767268695868], [119.96492420783497, 26.155792879452147], [119.96492493142803, 26.155761377388192], [119.96486904812956, 26.155767268695868]]], [[[119.96490351177404, 26.155420379138047], [119.96492735658217, 26.155457283098777], [119.96493970109377, 26.15543190149551], [119.96490351177404, 26.155420379138047]]], [[[119.96481293038411, 26.155486036787277], [119.96480465885038, 26.155534159884102], [119.9648501768544, 26.155525956807427], [119.96481293038411, 26.155486036787277]]], [[[119.96479260856302, 26.15560681125839], [119.96476920858736, 26.155647668554415], [119.96478151216952, 26.15565589510885], [119.96479260856302, 26.15560681125839]]], [[[119.96492956917702, 26.15585276564359], [119.96491716690214, 26.155895651351262], [119.96495577906376, 26.15589701884419], [119.96492956917702, 26.15585276564359]]], [[[119.96497492626632, 26.15557620384328], [119.96489052928966, 26.15548461384215], [119.96488613588296, 26.155564369723567], [119.96497492626632, 26.15557620384328]]], [[[119.96496383897784, 26.155625242458292], [119.96492504144082, 26.155667590631136], [119.96499830246684, 26.155665400410083], [119.96496383897784, 26.155625242458292]]], [[[119.96128825423077, 26.14873886310678], [119.96125774858935, 26.148919303362902], [119.96144228712335, 26.14888436952756], [119.96128825423077, 26.14873886310678]]], [[[119.96115216547392, 26.149076526589383], [119.96125175258496, 26.149185714670946], [119.96129669096027, 26.14918235144081], [119.96115216547392, 26.149076526589383]]], [[[119.96072354787235, 26.149025822440418], [119.9607880839344, 26.149290237699475], [119.96086933577723, 26.14923284991698], [119.96072354787235, 26.149025822440418]]], [[[119.96096558930533, 26.14939019499098], [119.9613404976192, 26.149583157278833], [119.96155858824727, 26.149376562098904], [119.96096558930533, 26.14939019499098]]], [[[119.95131858174413, 26.144667382034918], [119.95143964287524, 26.144886748054937], [119.95174240362097, 26.14460575289326], [119.95131858174413, 26.144667382034918]]], [[[119.95129803317167, 26.144935176573114], [119.95125947546983, 26.145077030857347], [119.95137981100054, 26.144988710865178], [119.95129803317167, 26.144935176573114]]], [[[119.93414936596868, 26.16843228946846], [119.93411577990726, 26.16854570914579], [119.93439258880403, 26.168486274674713], [119.93414936596868, 26.16843228946846]]], [[[119.93665497784873, 26.160759904764056], [119.9369019724662, 26.160888333481626], [119.93695899874666, 26.160808086453233], [119.93665497784873, 26.160759904764056]]], [[[119.9258005975086, 26.17328621949662], [119.9258949127654, 26.173342308754417], [119.9259168138182, 26.17331443449716], [119.9258005975086, 26.17328621949662]]], [[[119.9297603506731, 26.13631168760571], [119.93000238116004, 26.136980713102698], [119.93019495709692, 26.136613049909474], [119.9297603506731, 26.13631168760571]]], [[[119.97802780171637, 26.16754966562038], [119.9780157576888, 26.16752812748148], [119.9780035230255, 26.167540831856474], [119.97802780171637, 26.16754966562038]]], [[[119.97666902392594, 26.166717795883553], [119.97666097562038, 26.166740247416186], [119.97668598869218, 26.166733909113958], [119.97666902392594, 26.166717795883553]]], [[[119.97833881716221, 26.163453035128857], [119.97825225684666, 26.163422578103123], [119.9783284539524, 26.163483519070468], [119.97833881716221, 26.163453035128857]]], [[[119.97759922657757, 26.161995586214626], [119.97748474444853, 26.16204744768537], [119.97764315207444, 26.162045919645212], [119.97759922657757, 26.161995586214626]]], [[[119.97800881094201, 26.161614566715667], [119.97803143276433, 26.161698002020632], [119.97807860430247, 26.161682813344264], [119.97800881094201, 26.161614566715667]]], [[[119.9780590805698, 26.16178683642819], [119.97794618667099, 26.16180239664361], [119.9780808475971, 26.161826352182146], [119.9780590805698, 26.16178683642819]]], [[[119.97737742186366, 26.161863370016267], [119.9773630642078, 26.161879456564595], [119.97737517331804, 26.161881911699357], [119.97737742186366, 26.161863370016267]]], [[[119.97763394045994, 26.161903923888453], [119.97758043679077, 26.161844496521866], [119.97755347880974, 26.161889985485903], [119.97763394045994, 26.161903923888453]]], [[[119.97890367834219, 26.163746387738232], [119.97884238313681, 26.16376367448296], [119.97888207376798, 26.163795600364278], [119.97890367834219, 26.163746387738232]]], [[[119.96329161020785, 26.167085809354788], [119.96328507001523, 26.167208058263867], [119.96339409951325, 26.167145674077172], [119.96329161020785, 26.167085809354788]]], [[[120.504439376843, 26.361990103644903], [120.50424581753664, 26.36140325589079], [120.50439925893664, 26.36207004966776], [120.504439376843, 26.361990103644903]]], [[[120.50304480548523, 26.360447006844296], [120.50317447582061, 26.360520621258104], [120.50333818117102, 26.360379199093224], [120.50304480548523, 26.360447006844296]]], [[[120.50043271484596, 26.356600990239343], [120.50054187634707, 26.35677301144085], [120.5005926647925, 26.3566065379802], [120.50043271484596, 26.356600990239343]]], [[[120.50082202450939, 26.357543489384646], [120.50108738166283, 26.357769806771678], [120.50088027728536, 26.35749326789692], [120.50082202450939, 26.357543489384646]]], [[[120.49931020145003, 26.355034716550538], [120.49998860855442, 26.355332082281237], [120.49939979537268, 26.35477187088517], [120.49931020145003, 26.355034716550538]]], [[[120.48908762554886, 26.352927119517137], [120.48878376397896, 26.35212061884951], [120.48827841852643, 26.351975990011788], [120.48908762554886, 26.352927119517137]]], [[[120.48948814886502, 26.352934106043392], [120.48942026201814, 26.35332326977584], [120.48941737002504, 26.353474094226197], [120.48948814886502, 26.352934106043392]]], [[[120.49125921626376, 26.354378319948076], [120.49151469174768, 26.353372173837954], [120.49086325299777, 26.35393082673675], [120.49125921626376, 26.354378319948076]]], [[[120.48743363459461, 26.351087820078305], [120.4877800691985, 26.35123412487919], [120.48767127503574, 26.350903301809574], [120.48743363459461, 26.351087820078305]]], [[[120.48617657839328, 26.382188216414555], [120.48643318424693, 26.382245890599634], [120.48622187433926, 26.382108373119507], [120.48617657839328, 26.382188216414555]]], [[[120.47995969402383, 26.382067902272386], [120.48009517930603, 26.382106896727535], [120.48004563450222, 26.382016020215552], [120.47995969402383, 26.382067902272386]]], [[[120.4798746272936, 26.382195748819104], [120.47945934418223, 26.38200971289243], [120.47988496434046, 26.382504987248936], [120.4798746272936, 26.382195748819104]]], [[[120.47975344054723, 26.38184493039236], [120.4794955877856, 26.381810047827376], [120.479798534998, 26.381883199006904], [120.47975344054723, 26.38184493039236]]], [[[120.47969412034125, 26.38162928768916], [120.47987229888498, 26.38194525492079], [120.480024609075, 26.381951595616997], [120.47969412034125, 26.38162928768916]]], [[[120.4915357482906, 26.354367182867712], [120.49178441598879, 26.35445025406627], [120.49209391673888, 26.3542125624929], [120.4915357482906, 26.354367182867712]]], [[[120.50288530782063, 26.360619441157638], [120.48992341432664, 26.35417211144042], [120.49086620061554, 26.36731075288736], [120.48338432867357, 26.366587378763814], [120.48251408989235, 26.377409257482398], [120.47505476200018, 26.369514047371904], [120.47535412408007, 26.375855013535162], [120.48572386078946, 26.382370280763382], [120.48718097806172, 26.369671402047334], [120.49125388977981, 26.368182610615097], [120.50564858382802, 26.376439590716526], [120.50431477036166, 26.37116054517911], [120.51232359107841, 26.371407101313345], [120.5170691224341, 26.36422512530628], [120.50744471672978, 26.36716432381859], [120.50622024350719, 26.362859853244814], [120.50429251955696, 26.362373272913157], [120.50345243162327, 26.361415697451076], [120.50423672355012, 26.360261360829302], [120.50288530782063, 26.360619441157638]]], [[[120.48053143178261, 26.38177404624103], [120.48049533044366, 26.3818788269689], [120.48053673646127, 26.381883228308386], [120.48053143178261, 26.38177404624103]]], [[[120.4881241944308, 26.351347790933787], [120.48824347251545, 26.3519473062893], [120.48841154574366, 26.35172827493399], [120.4881241944308, 26.351347790933787]]], [[[119.94593960146568, 25.980866754601994], [119.9459392488487, 25.980866220607638], [119.94593963744131, 25.980867791460206], [119.94593960146568, 25.980866754601994]]], [[[119.95012079786792, 25.981156187959893], [119.95033365599272, 25.981388397911083], [119.9502002722563, 25.981090864286244], [119.95012079786792, 25.981156187959893]]], [[[119.99759061343265, 25.981330145225844], [119.99751875033753, 25.98139416234633], [119.99763074197573, 25.981416870496698], [119.99759061343265, 25.981330145225844]]], [[[119.99785900382633, 25.98060239272571], [119.99773093519246, 25.980410043125232], [119.99766425129836, 25.98044011979287], [119.99785900382633, 25.98060239272571]]], [[[119.99809702611083, 25.980609849184496], [119.99763711160041, 25.981371627490542], [119.99871421499114, 25.981558407089295], [119.99809702611083, 25.980609849184496]]], [[[119.99819789022989, 25.97990885646496], [119.99812206774118, 25.979948145505652], [119.9981952123073, 25.97993079082864], [119.99819789022989, 25.97990885646496]]], [[[119.99818174885979, 25.97982492598785], [119.99812119787853, 25.979874453084378], [119.9982055060722, 25.979877346443402], [119.99818174885979, 25.97982492598785]]], [[[119.99732650806038, 25.97986287082561], [119.99754246214589, 25.980155614234647], [119.99755721551209, 25.97990196743046], [119.99732650806038, 25.97986287082561]]], [[[119.99734895905426, 25.979300057649407], [119.99708282679316, 25.979370232829492], [119.99735903975773, 25.97936462658828], [119.99734895905426, 25.979300057649407]]], [[[119.99706021726684, 25.97918304322289], [119.99715075332747, 25.979236557026248], [119.99715985389565, 25.979223060270254], [119.99706021726684, 25.97918304322289]]], [[[119.99758986789561, 25.980017086910703], [119.99787648027606, 25.980160443642593], [119.99779389016577, 25.97981377318083], [119.99758986789561, 25.980017086910703]]], [[[119.99564005995694, 25.97589715965935], [119.9955738536844, 25.975948382122464], [119.99566729966678, 25.97593187024366], [119.99564005995694, 25.97589715965935]]], [[[119.9954194521608, 25.975910899840386], [119.99551302451127, 25.9758024051427], [119.9954663807773, 25.975784608005196], [119.9954194521608, 25.975910899840386]]], [[[119.99485872080606, 25.969450179058637], [119.99478905088955, 25.969571484426798], [119.99489051177223, 25.969633660190144], [119.99485872080606, 25.969450179058637]]], [[[119.99478007798847, 25.969702807030973], [119.99462393537324, 25.969628909985957], [119.99462518859006, 25.969654777555135], [119.99478007798847, 25.969702807030973]]], [[[119.99537143377566, 25.968449446306053], [119.99495613230702, 25.96901238853209], [119.99551283034971, 25.968844970985913], [119.99537143377566, 25.968449446306053]]], [[[119.99178045804311, 25.964480981723508], [119.99212717890124, 25.964693343639027], [119.99214372843338, 25.964603410570007], [119.99178045804311, 25.964480981723508]]], [[[119.9910047319228, 25.963838181977962], [119.99116690775844, 25.963799723177825], [119.99097177979594, 25.96379366427204], [119.9910047319228, 25.963838181977962]]], [[[119.99027272775207, 25.9630112767566], [119.99027441459089, 25.96290026945967], [119.99023853005946, 25.962897269289567], [119.99027272775207, 25.9630112767566]]], [[[119.99017691441617, 25.962991790021547], [119.99031991337462, 25.963269233820334], [119.99038436435733, 25.96322098289594], [119.99017691441617, 25.962991790021547]]], [[[119.98969231712184, 25.962982797306292], [119.98989388891364, 25.96273786400614], [119.98955975364515, 25.962776276216257], [119.98969231712184, 25.962982797306292]]], [[[119.99044971747847, 25.96327520427473], [119.99136967174734, 25.963701959254806], [119.99154097015409, 25.96365049935206], [119.99044971747847, 25.96327520427473]]], [[[119.98143697028556, 25.97490665953501], [119.98123311938524, 25.975047559665526], [119.98160056853311, 25.975165506501043], [119.98143697028556, 25.97490665953501]]], [[[119.98188950547475, 25.974841861548214], [119.9816101130521, 25.975018653679452], [119.98194262909877, 25.97507010669819], [119.98188950547475, 25.974841861548214]]], [[[119.97117656289082, 25.974222650803437], [119.97125420833927, 25.974324851772046], [119.97126448340096, 25.97419106597919], [119.97117656289082, 25.974222650803437]]], [[[119.97148242327438, 25.974858324825252], [119.97108194238639, 25.9746691251346], [119.97107668307959, 25.974863526860386], [119.97148242327438, 25.974858324825252]]], [[[119.9712978626348, 25.973728485623305], [119.97162086268048, 25.973799511602277], [119.97148782447101, 25.973641792615744], [119.9712978626348, 25.973728485623305]]], [[[119.97164659712803, 25.973500751879875], [119.97156436724791, 25.973579270402176], [119.97164292958351, 25.973553832835517], [119.97164659712803, 25.973500751879875]]], [[[119.97182294231894, 25.973962032929503], [119.97176758220566, 25.973978556683925], [119.9718619099513, 25.97401928800984], [119.97182294231894, 25.973962032929503]]], [[[119.97178105882544, 25.97388205700107], [119.97168884716827, 25.973864378836797], [119.97178636759278, 25.973920156785926], [119.97178105882544, 25.97388205700107]]], [[[119.96988528181681, 25.971215704464676], [119.97008185283993, 25.97107948082307], [119.96956188444925, 25.97103185906445], [119.96988528181681, 25.971215704464676]]], [[[119.97060379382275, 25.97302425396099], [119.97021520753555, 25.972995672476394], [119.97023470700422, 25.97314422777014], [119.97060379382275, 25.97302425396099]]], [[[119.9724601650554, 25.97018424435999], [119.9694470425633, 25.970051747311338], [119.97056092444805, 25.971058110780064], [119.97132997732368, 25.97366787115434], [119.9724601650554, 25.97018424435999]]], [[[119.9719924210416, 25.974220996672447], [119.97133980143683, 25.974497487605515], [119.97194993863043, 25.974466103645344], [119.9719924210416, 25.974220996672447]]], [[[119.98222711336692, 25.97381487935652], [119.9821781327694, 25.973970396935155], [119.98222869251042, 25.97396425390841], [119.98222711336692, 25.97381487935652]]], [[[119.9835943814624, 25.95799523493714], [119.98363757287642, 25.95820270902526], [119.98389559430466, 25.95809984323206], [119.9835943814624, 25.95799523493714]]], [[[119.98400484391479, 25.955347128830674], [119.98444474606713, 25.954811000333336], [119.9836886674609, 25.954441976450866], [119.98400484391479, 25.955347128830674]]], [[[119.98417072082124, 25.95697612526926], [119.98403907772014, 25.957309149775117], [119.98424413191609, 25.95727152653626], [119.98417072082124, 25.95697612526926]]], [[[119.97078429032125, 25.94842118137766], [119.97076534669482, 25.94864189468096], [119.97088981858768, 25.948643572732934], [119.97078429032125, 25.94842118137766]]], [[[119.97002764470787, 25.94536905407739], [119.96973258735733, 25.94554131567521], [119.9700745813433, 25.945502248992817], [119.97002764470787, 25.94536905407739]]], [[[119.96789568246703, 25.944865124673886], [119.97009161348065, 25.942377762047773], [119.96677251008337, 25.93960414161027], [119.96630432444582, 25.940859424215176], [119.96789568246703, 25.944865124673886]]], [[[119.98217063692223, 25.972658954119186], [119.97997085932349, 25.968351538090538], [119.98629893776196, 25.96567510320935], [119.99458380996516, 25.96957042286278], [119.99387403425922, 25.96609152482662], [119.98938404629348, 25.962852320007414], [119.98932098297651, 25.960237070350125], [119.98340682142742, 25.95830144668586], [119.98009912562507, 25.95206464685648], [119.97671935912322, 25.95526534048214], [119.97121208183084, 25.95035378121587], [119.96980089231562, 25.947175780430108], [119.96593462136465, 25.94853536965433], [119.98217063692223, 25.972658954119186]]], [[[119.95360755892524, 25.98024676709897], [119.95360681604708, 25.980307367229617], [119.95364979962773, 25.98027463788761], [119.95360755892524, 25.98024676709897]]], [[[119.95359135435541, 25.980032729224405], [119.95350718498185, 25.980058227015867], [119.95361293072541, 25.98011849521575], [119.95359135435541, 25.980032729224405]]], [[[119.95376075702654, 25.97993759228528], [119.95379776470885, 25.98005651505881], [119.9539051469903, 25.980069201923445], [119.95376075702654, 25.97993759228528]]], [[[119.9519979494659, 25.980891398017416], [119.95181828505682, 25.980967435212435], [119.95219059535378, 25.98112474052003], [119.9519979494659, 25.980891398017416]]], [[[119.95167680698016, 25.980971684793342], [119.95164973558062, 25.981066071133103], [119.95174237954018, 25.981076535013955], [119.95167680698016, 25.980971684793342]]], [[[119.95028565549856, 25.98095829344634], [119.95024120401803, 25.98104306559322], [119.95030197544868, 25.981035506441938], [119.95028565549856, 25.98095829344634]]], [[[119.951606596601, 25.98071936944743], [119.95144608960871, 25.980583846833763], [119.9513716875238, 25.98062998516371], [119.951606596601, 25.98071936944743]]], [[[119.95248467361878, 25.976219512762853], [119.95260415251919, 25.976293891386714], [119.9525964302199, 25.97619363110333], [119.95248467361878, 25.976219512762853]]], [[[119.95230457528005, 25.97543663437356], [119.95253547737371, 25.975763838073874], [119.95236462124757, 25.975384925371994], [119.95230457528005, 25.97543663437356]]], [[[119.9523906479721, 25.9758999277142], [119.9523284213148, 25.97610866985103], [119.95250011015332, 25.976071321028137], [119.9523906479721, 25.9758999277142]]], [[[119.94593960146568, 25.980866754601994], [119.94603084830815, 25.980956196423364], [119.94623363612311, 25.98103248694207], [119.94613280971288, 25.980831364214232], [119.94593960146568, 25.980866754601994]]], [[[119.94920658005164, 25.98139332126219], [119.94889537745442, 25.981521713435725], [119.94889877742528, 25.981553988957465], [119.94920658005164, 25.98139332126219]]], [[[119.950124046349, 25.981492157886], [119.95004233789778, 25.981786513837932], [119.95037966399872, 25.981552925720294], [119.950124046349, 25.981492157886]]], [[[119.92462719102795, 25.97326739982505], [119.92727655319332, 25.97576126915959], [119.92705927790229, 25.976656194681738], [119.92771413753005, 25.977053646963213], [119.9274852982445, 25.97491965871911], [119.92462719102795, 25.97326739982505]]], [[[119.98197732790885, 25.97487225489416], [119.98196703572316, 25.975060309172125], [119.98209506263149, 25.975057210693112], [119.98197732790885, 25.97487225489416]]], [[[119.97221226981067, 25.974065884961522], [119.97209624215195, 25.973652397230353], [119.97192735677353, 25.97374109254216], [119.97221226981067, 25.974065884961522]]], [[[119.97279477589305, 25.973033736526947], [119.97285846977528, 25.972883331464352], [119.97265200890521, 25.972807424870055], [119.97279477589305, 25.973033736526947]]], [[[119.97175644296897, 25.973639550792086], [119.97176141193334, 25.973511919328644], [119.97167404176113, 25.973551477549346], [119.97175644296897, 25.973639550792086]]], [[[119.97118340024045, 25.974031870238704], [119.97113851267304, 25.973904995334262], [119.97114279294573, 25.97402616572663], [119.97118340024045, 25.974031870238704]]], [[[119.97078979177185, 25.973184807486575], [119.9706444139667, 25.973010199566165], [119.97058413715723, 25.973321490198135], [119.97078979177185, 25.973184807486575]]], [[[119.93229039175604, 25.98024260977751], [119.93211532438023, 25.980348213589185], [119.93229030474535, 25.980382053093912], [119.93229039175604, 25.98024260977751]]], [[[120.23474651521697, 26.345644596436347], [120.23458542210402, 26.345918049213868], [120.2348636105026, 26.345758398627595], [120.23474651521697, 26.345644596436347]]], [[[120.23457156617378, 26.34555645999986], [120.23525315379565, 26.345412476590468], [120.23422329996293, 26.345136325224942], [120.23457156617378, 26.34555645999986]]], [[[120.23257232440632, 26.3410826302591], [120.23262151012725, 26.34121709537872], [120.23267534650535, 26.341136947187657], [120.23257232440632, 26.3410826302591]]], [[[120.23077384216108, 26.33952939940836], [120.23089074607196, 26.33956815906786], [120.23086487259665, 26.3395016314424], [120.23077384216108, 26.33952939940836]]], [[[120.23131501103063, 26.340397379901304], [120.23128121402706, 26.340510630679354], [120.2313369991277, 26.340406895092674], [120.23131501103063, 26.340397379901304]]], [[[120.23015712992094, 26.33877073991751], [120.23036050131705, 26.33885544333383], [120.23019658027206, 26.33869163951497], [120.23015712992094, 26.33877073991751]]], [[[120.22953787180974, 26.33782982925336], [120.22981138656033, 26.337902574117], [120.22978282278976, 26.337767911861384], [120.22953787180974, 26.33782982925336]]], [[[120.22867439209604, 26.337362873832372], [120.22884358715862, 26.337421020058624], [120.22885770146547, 26.33738128101937], [120.22867439209604, 26.337362873832372]]], [[[120.22854149966324, 26.33722398466925], [120.22862076408255, 26.337468634230056], [120.22873417677928, 26.33704598324027], [120.22854149966324, 26.33722398466925]]], [[[120.23343650618271, 26.342708319451447], [120.23273870310486, 26.341871678026404], [120.23298775383198, 26.343012999811073], [120.23343650618271, 26.342708319451447]]], [[[120.2228192169993, 26.334191778111553], [120.22270573995637, 26.334634543141842], [120.22289737348974, 26.334443944141753], [120.2228192169993, 26.334191778111553]]], [[[120.22244388839393, 26.334610231984875], [120.22257535840595, 26.334618541755713], [120.2223799278937, 26.334451379139065], [120.22244388839393, 26.334610231984875]]], [[[120.22165859805986, 26.3332192004993], [120.22196963431247, 26.333143538352314], [120.2216474899032, 26.333056539234402], [120.22165859805986, 26.3332192004993]]], [[[120.21953564814017, 26.333523162038063], [120.22032724006668, 26.333662636766242], [120.21965110680448, 26.33323126858048], [120.21953564814017, 26.333523162038063]]], [[[120.22184585255269, 26.333337025759597], [120.22154356131793, 26.333663623854168], [120.22171391385282, 26.333753054526234], [120.22184585255269, 26.333337025759597]]], [[[120.21926018551936, 26.33349888080208], [120.21923076802496, 26.333604363322383], [120.21932915888843, 26.333571295283537], [120.21926018551936, 26.33349888080208]]], [[[120.21884620373025, 26.333674731029625], [120.21897009246985, 26.333546462584444], [120.21878377957579, 26.33359296782412], [120.21884620373025, 26.333674731029625]]], [[[120.21889067350395, 26.33348727287393], [120.21907213676296, 26.3334138149771], [120.21887862118069, 26.33345687442025], [120.21889067350395, 26.33348727287393]]], [[[120.2194036968631, 26.33351188342991], [120.2195035793038, 26.333467596085434], [120.21913419768802, 26.333344852114774], [120.2194036968631, 26.33351188342991]]], [[[120.23240135355502, 26.344269573671273], [120.23231083505766, 26.344214973719215], [120.23235317324638, 26.344333537519358], [120.23240135355502, 26.344269573671273]]], [[[120.23399197145652, 26.345407850085472], [120.23391943203337, 26.342844508643644], [120.23303624954565, 26.343400055069523], [120.23231420684762, 26.342627916163902], [120.2291386259565, 26.33761624938929], [120.22632463069017, 26.337099171038336], [120.22610426954748, 26.334853186188354], [120.22366053611574, 26.334304763854252], [120.22583065953924, 26.340164692709195], [120.22785994145534, 26.339670880613358], [120.23399197145652, 26.345407850085472]]], [[[120.00348546894783, 26.280160718240783], [120.0038461084776, 26.280443736386804], [120.00509000275134, 26.280785245235386], [120.00348546894783, 26.280160718240783]]], [[[120.00421527872324, 26.278752429164026], [120.00483695591792, 26.278862427953914], [120.00447051531746, 26.278431847305132], [120.00421527872324, 26.278752429164026]]], [[[120.00479932920274, 26.279395232226218], [120.0044250037414, 26.27991011914992], [120.0050871376728, 26.279950971800524], [120.00479932920274, 26.279395232226218]]], [[[120.00483637910497, 26.28143310417138], [120.00480964456169, 26.281638550308568], [120.00513360844172, 26.281682085430162], [120.00483637910497, 26.28143310417138]]], [[[120.00492109164853, 26.28119775091634], [120.00494444668806, 26.281393573922315], [120.00499780769776, 26.281355553662156], [120.00492109164853, 26.28119775091634]]], [[[120.0045272892709, 26.28152007169599], [120.00457495210078, 26.28117128099141], [120.003786346915, 26.280730801486698], [120.0045272892709, 26.28152007169599]]], [[[120.00438595606239, 26.281581140569003], [120.00352808888846, 26.281101426516777], [120.00378963797574, 26.281531415091482], [120.00438595606239, 26.281581140569003]]], [[[120.01375554743608, 26.296862768407262], [120.01405111767012, 26.29667357737486], [120.01368368074426, 26.296564311450187], [120.01375554743608, 26.296862768407262]]], [[[120.01389068427449, 26.29711144522094], [120.01419212722624, 26.297106894530966], [120.01378086692326, 26.296978885529157], [120.01389068427449, 26.29711144522094]]], [[[119.95272553825242, 26.194367789204115], [119.9539691055389, 26.19300906374084], [119.95253608746776, 26.192830172631798], [119.95272553825242, 26.194367789204115]]], [[[119.98626019998996, 26.185162046302636], [119.98636308803312, 26.18553476584142], [119.98654892057608, 26.185336472559516], [119.98626019998996, 26.185162046302636]]], [[[119.98616902746613, 26.18621473195659], [119.98613009888457, 26.186421513849712], [119.98625231403818, 26.186198742886955], [119.98616902746613, 26.18621473195659]]], [[[119.98632644083274, 26.1858467864756], [119.98548430652095, 26.18546212352497], [119.98566317475245, 26.186293652152383], [119.98632644083274, 26.1858467864756]]], [[[119.96970469776105, 26.1429430512471], [119.96963831897496, 26.142887405017397], [119.96961130551172, 26.142882460356365], [119.96970469776105, 26.1429430512471]]], [[[119.96988660558473, 26.143377309996573], [119.9698465682025, 26.14333167452912], [119.96985170923001, 26.143376858945345], [119.96988660558473, 26.143377309996573]]], [[[119.9705834814463, 26.143285481947757], [119.97051751472998, 26.143305432468168], [119.97058829586558, 26.143313801749212], [119.9705834814463, 26.143285481947757]]], [[[119.97052405627237, 26.143366466687148], [119.97037139287438, 26.143428539572394], [119.97053446626485, 26.143438157180075], [119.97052405627237, 26.143366466687148]]], [[[119.96966005028526, 26.143142009548576], [119.96968981521614, 26.143121364736768], [119.96961858652017, 26.143130867849745], [119.96966005028526, 26.143142009548576]]], [[[119.9702050633244, 26.14288704781961], [119.96988747630033, 26.14324178037161], [119.97039791687713, 26.14324024163798], [119.9702050633244, 26.14288704781961]]], [[[119.97778514817307, 26.114583841622203], [119.97774810062946, 26.114695400439103], [119.97785093817731, 26.114636520234857], [119.97778514817307, 26.114583841622203]]], [[[119.97804611409387, 26.11471971777306], [119.9775841378342, 26.115177870403695], [119.9777753571159, 26.11539287237741], [119.97804611409387, 26.11471971777306]]], [[[119.97957204472695, 26.114615992604545], [119.97920362028526, 26.11436451973325], [119.97924333549022, 26.114626508649255], [119.97957204472695, 26.114615992604545]]], [[[119.97076627009386, 26.09025740556886], [119.97073211394306, 26.090325236103272], [119.97080569313061, 26.090271567661365], [119.97076627009386, 26.09025740556886]]], [[[119.970595607463, 26.09028457016504], [119.97060111234119, 26.090372061129532], [119.97068457386649, 26.09032594764026], [119.970595607463, 26.09028457016504]]], [[[119.97107439883366, 26.09064539464265], [119.97064557063015, 26.090443229217946], [119.97062050416675, 26.090483264104307], [119.97107439883366, 26.09064539464265]]], [[[119.97072858599394, 26.089844971231607], [119.97063045667976, 26.08988786934909], [119.97074650059909, 26.089865983434038], [119.97072858599394, 26.089844971231607]]], [[[119.96924825576723, 26.084111224758118], [119.96905267512757, 26.084302833654974], [119.96940773448286, 26.084369843910107], [119.96924825576723, 26.084111224758118]]], [[[119.9682710150427, 26.08451321910896], [119.96815999328973, 26.084480505004663], [119.9683356697694, 26.084593083586796], [119.9682710150427, 26.08451321910896]]], [[[119.96813980405152, 26.084749691257453], [119.96798192014334, 26.084708832076053], [119.96804942083651, 26.084786653167125], [119.96813980405152, 26.084749691257453]]], [[[119.96782334079815, 26.084458042095118], [119.96806147183324, 26.08468210853976], [119.96824732041779, 26.084631446953928], [119.96782334079815, 26.084458042095118]]], [[[119.96775608446534, 26.083632821840208], [119.96777517247614, 26.083870883118514], [119.96793301214792, 26.083917968687196], [119.96775608446534, 26.083632821840208]]], [[[119.9681940332218, 26.084011733918327], [119.96802786501053, 26.08397510564776], [119.96809488597914, 26.08404977888602], [119.9681940332218, 26.084011733918327]]], [[[119.96706474856724, 26.085671207201468], [119.96690499277565, 26.085750380165774], [119.9670885989632, 26.08575732742715], [119.96706474856724, 26.085671207201468]]], [[[119.96655707566272, 26.08564974446608], [119.96659363307126, 26.085534408903793], [119.96653735584192, 26.085553073082853], [119.96655707566272, 26.08564974446608]]], [[[119.96677224791604, 26.085458275509083], [119.9667296359149, 26.085353144657578], [119.96665975295313, 26.08543452279392], [119.96677224791604, 26.085458275509083]]], [[[119.96668460427382, 26.085611926614515], [119.96677141192846, 26.085496456560175], [119.9666358306366, 26.08550809586593], [119.96668460427382, 26.085611926614515]]], [[[119.96771005114051, 26.083923111942354], [119.96697553664058, 26.08446615619127], [119.9678712077801, 26.08475577717644], [119.96774262289605, 26.084490022470316], [119.96781633489877, 26.084453585351678], [119.96793081035007, 26.08442514851975], [119.96805765042926, 26.084471069232688], [119.96819859423478, 26.084382900560104], [119.96835027488369, 26.084407557581912], [119.96771005114051, 26.083923111942354]]], [[[119.96734188846688, 26.08473151564229], [119.96726321086682, 26.08464625609273], [119.96724571654748, 26.08466565383946], [119.96734188846688, 26.08473151564229]]], [[[120.48859157362773, 26.387855600364997], [120.48844182126818, 26.38788731232573], [120.48861067562962, 26.388021444507906], [120.48859157362773, 26.387855600364997]]], [[[120.4084269259042, 26.157130317128207], [120.4118824146406, 26.15479617302195], [120.41158641470552, 26.153848385930942], [120.4085239358772, 26.15482447200136], [120.4077734682257, 26.15595595625065], [120.4084269259042, 26.157130317128207]]], [[[120.20816207783818, 26.24674650596525], [120.208093626716, 26.246818311331374], [120.20813285218958, 26.24683700721753], [120.20816207783818, 26.24674650596525]]], [[[120.2083528818511, 26.247378462967458], [120.20793737081934, 26.247331935722332], [120.20821878455483, 26.247580555657883], [120.2083528818511, 26.247378462967458]]], [[[120.06618119765086, 26.235494643258043], [120.06696262261099, 26.236684174479613], [120.06795736286622, 26.23691781401113], [120.06618119765086, 26.235494643258043]]], [[[120.06664746098615, 26.23556792784729], [120.06702640860142, 26.235466169298412], [120.0666601426529, 26.235208510531127], [120.06664746098615, 26.23556792784729]]], [[[120.06718337012236, 26.235878608488317], [120.0674794711351, 26.235844660359266], [120.06716262716148, 26.235690322953555], [120.06718337012236, 26.235878608488317]]], [[[120.06756982636176, 26.23587240552481], [120.06754829413353, 26.236039223173282], [120.06768972967866, 26.236065603486484], [120.06756982636176, 26.23587240552481]]], [[[120.06651776093967, 26.235516035068933], [120.06658375317167, 26.23553022893032], [120.06651817745443, 26.23546325027379], [120.06651776093967, 26.235516035068933]]], [[[120.06663512176071, 26.235806900961133], [120.06671734405343, 26.23580297510646], [120.0665601670177, 26.235767548362315], [120.06663512176071, 26.235806900961133]]], [[[120.0660197309052, 26.236077731761288], [120.06599534874978, 26.236143569483943], [120.0660427864869, 26.236144448358754], [120.0660197309052, 26.236077731761288]]], [[[120.06591540254534, 26.23552081278584], [120.06596338732422, 26.23559980633471], [120.06595684946723, 26.23549159791251], [120.06591540254534, 26.23552081278584]]], [[[120.06804485609261, 26.23197856685426], [120.06815699608914, 26.23271105532397], [120.06864680875353, 26.232565058572998], [120.06804485609261, 26.23197856685426]]], [[[120.05315091054004, 26.22439413285286], [120.05399191484398, 26.224459925436822], [120.05318824968403, 26.223885512263994], [120.05315091054004, 26.22439413285286]]], [[[119.97703049918358, 26.206345291938312], [119.98093560568465, 26.1912442556835], [119.97180061376731, 26.1931644551216], [119.97176014896488, 26.205470531272205], [119.97632561121385, 26.21128518587122], [119.97300376429725, 26.219949063279213], [119.98862746823214, 26.223800238505163], [120.00084278174491, 26.236879317393118], [120.0118152978276, 26.23282760503554], [120.00974816572683, 26.22397016413995], [120.02089095073754, 26.226405096551943], [120.01517491040632, 26.218275030490894], [120.01703626460615, 26.212999880437344], [120.00957856387413, 26.221284227113863], [119.99555931741781, 26.21305275052737], [119.99119392454743, 26.217266791627974], [119.98212294364484, 26.213532953364226], [119.97811826703834, 26.20965762546593], [119.97703049918358, 26.206345291938312]]], [[[119.94038176138301, 25.966365890800645], [119.92851550958929, 25.97628648204114], [119.93094667288155, 25.979956762188607], [119.95394733195063, 25.979777052702072], [119.94038176138301, 25.966365890800645]]]]}}, {"type": "Feature", "properties": {"COUNTYNAME": "南投縣", "name": "南投縣"}, "geometry": {"type": "Polygon", "coordinates": [[[121.23767464362308, 24.22019862349567], [121.24412401576042, 24.223186136329158], [121.25469485690583, 24.243675135927514], [121.26461380398298, 24.246281038872212], [121.27980182734987, 24.230227717341187], [121.29296996914871, 24.229712857839267], [121.30094510466914, 24.2372159328338], [121.33520307775494, 24.229166674703443], [121.3426922836257, 24.224079905348123], [121.3494060203729, 24.200825425245874], [121.32520122146201, 24.195929587082627], [121.30736306968357, 24.180471035742592], [121.28634357421167, 24.177512175167525], [121.28832770373232, 24.15767936271857], [121.28034971457397, 24.157779863820004], [121.28467955529148, 24.152180042719827], [121.28134588009148, 24.135633954122046], [121.29554186563398, 24.132528104345344], [121.31560509823245, 24.116590512112456], [121.32840228815392, 24.114599712052616], [121.31892934983708, 24.094907456951532], [121.32322554926596, 24.085180153218868], [121.29948055622947, 24.061831547468074], [121.29563468127336, 24.06383695664046], [121.28312488988884, 24.053997409186938], [121.2856977803956, 24.039721081267306], [121.2599661644982, 23.99044611711877], [121.26454395747199, 23.9755211755844], [121.27350814084126, 23.97524825358248], [121.277876746113, 23.96583598422776], [121.27173641303928, 23.948426382161273], [121.27606274233618, 23.909694814562474], [121.26113212215468, 23.902659519959474], [121.26656792117024, 23.898388209974264], [121.26847074281315, 23.883840409437315], [121.26316422453955, 23.880695833671144], [121.26526759493288, 23.87292450513365], [121.2530896340095, 23.867987663665424], [121.24888130694528, 23.85213162441988], [121.23936864599578, 23.84032441282146], [121.23912615588, 23.82184334760739], [121.22603378158377, 23.80224370303726], [121.23046588870672, 23.788071786655127], [121.2046343088964, 23.772348974716337], [121.20647696607234, 23.762637235827018], [121.2332409507067, 23.7491605269529], [121.22855747227915, 23.735065184070624], [121.23945741732506, 23.724115888831026], [121.24122248056415, 23.70795441656169], [121.2393873763371, 23.68681845443634], [121.23244904750507, 23.677415488924098], [121.23561592489105, 23.66170769452972], [121.22402920497156, 23.63869206146083], [121.2248596500885, 23.627146028240926], [121.21334941123843, 23.60037708172897], [121.20600017886844, 23.595761472850615], [121.19413516126853, 23.600564830376054], [121.17963002100286, 23.589908800675104], [121.17816822979505, 23.582627763012077], [121.15332138631885, 23.58668618025963], [121.15213356036158, 23.57312421612534], [121.16045106336296, 23.56646521554864], [121.15706905310357, 23.55949980608739], [121.15178695510112, 23.560462239276724], [121.14617145423458, 23.554532512027404], [121.15115690733329, 23.544696333705154], [121.1469217903269, 23.534006409034852], [121.15097636673214, 23.526559463870694], [121.14468430099632, 23.525818197409862], [121.13504427893955, 23.514904926688466], [121.11763892427093, 23.521646493220523], [121.09738549085675, 23.521685682241895], [121.08803143470551, 23.514026844484953], [121.06844606359572, 23.51842329997699], [121.06226995569698, 23.499692759753977], [121.05408200679581, 23.495655054280316], [121.05348792619182, 23.487733308600717], [121.03912224606455, 23.47420396008855], [121.05909379079938, 23.461428665831427], [121.05174681665827, 23.45083412520189], [121.01513112044917, 23.43519497912711], [121.01030529877288, 23.445487858253088], [121.01580284040536, 23.451704796308004], [121.0081240680715, 23.46236560444601], [120.9809411926358, 23.46903585768732], [120.96669040138035, 23.47167944784381], [120.94761026754955, 23.467077700302728], [120.93733025140477, 23.473106077531863], [120.93117748825449, 23.470608866215038], [120.90381134249489, 23.476161162667747], [120.88643889464117, 23.475483294411692], [120.88045131780554, 23.467599849631267], [120.86340320949787, 23.47357052907018], [120.839162786263, 23.471133601093477], [120.83276117685106, 23.47458993650315], [120.82287543794435, 23.49850863329748], [120.82029331849418, 23.52144190202814], [120.80861276999188, 23.53602480426703], [120.8089093939262, 23.54600117710413], [120.82064007987418, 23.562436785257187], [120.81983682138296, 23.57757957638699], [120.82550693640064, 23.586395164806973], [120.81758612386628, 23.599592827853115], [120.79499655567705, 23.597182182907126], [120.75343485288478, 23.61485129251458], [120.73085992600784, 23.61076304932888], [120.73055918435328, 23.61843640522413], [120.71854133111786, 23.6299293202005], [120.71307451589446, 23.62789884926704], [120.71388104065153, 23.62080448461279], [120.70513862066241, 23.617108427984405], [120.69110427915223, 23.620152519665343], [120.68354296275015, 23.610676226364422], [120.66103782926913, 23.61039785108432], [120.6517091237711, 23.61626339869343], [120.65304076884914, 23.629486733050932], [120.64651421300381, 23.631126945131907], [120.633139539681, 23.619596934314742], [120.6290651327702, 23.63507372837586], [120.64807405697128, 23.682789853865764], [120.64550181228122, 23.703332038718234], [120.63898950980312, 23.710655513586893], [120.63970736392392, 23.729189194936776], [120.64427528361246, 23.736713082095477], [120.65584806340898, 23.73541093104863], [120.65578077935989, 23.754730110824923], [120.6403502196714, 23.786038160718185], [120.68394427835472, 23.80150916153702], [120.67633749197928, 23.81922474976333], [120.65089462531998, 23.81250245674939], [120.63377147236672, 23.825851062829283], [120.64003067895601, 23.825132342247258], [120.63436027822287, 23.831114600114685], [120.6370502203606, 23.83277567700665], [120.62361946363211, 23.82943392236778], [120.63363154632864, 23.833973011435866], [120.62497518307545, 23.83661135915077], [120.62910532080092, 23.838716419704973], [120.62616758305805, 23.841953200210273], [120.61554880089606, 23.840367016335783], [120.62785356517641, 23.857387412560136], [120.61988545996086, 23.868275743965192], [120.62392377405118, 23.868870616184616], [120.62735687009955, 23.889663573697995], [120.63268402107566, 23.88973760363924], [120.63499401910437, 23.8986087475135], [120.63134093022798, 23.903419685180157], [120.63409468269045, 23.907715557373173], [120.62930726433027, 23.910819279769125], [120.63459552255264, 23.91311667764141], [120.63741813857104, 23.923986434446114], [120.62775786445253, 23.93136874333686], [120.63762786348748, 23.935589100885284], [120.62734670485436, 23.952005378113324], [120.6335246927166, 23.953780855658636], [120.6268362276461, 23.9564190146073], [120.6365862711905, 23.952747498817182], [120.64686285160676, 23.96340757198545], [120.65019494948214, 23.983800678432047], [120.6365589508293, 23.994943308262833], [120.6380393257197, 24.007438112997562], [120.6725516909597, 24.00579759850241], [120.67008284417867, 24.009925968837955], [120.67877310569023, 24.014213830077534], [120.70644911560105, 24.005154990753184], [120.73176902637262, 24.008960950555686], [120.74599138832089, 23.998486416684514], [120.77064051091044, 24.009086289260264], [120.77528125946648, 24.018529069299536], [120.79166831821378, 24.03073491791793], [120.80889251466704, 24.066106508157695], [120.82933237419938, 24.071430590531314], [120.83033451939592, 24.102571819197596], [120.84484755133373, 24.12451970676172], [120.8539251799719, 24.12448793533074], [120.85865066343149, 24.11620111849522], [120.87245916503673, 24.116840679494793], [120.87915587810265, 24.10925471902629], [120.87808672157152, 24.084984730672655], [120.89137375932928, 24.09780538188883], [120.8915353413831, 24.115900515276817], [120.91973559492813, 24.107432407767767], [120.94989435471588, 24.12784991266722], [120.9751565457209, 24.116826477821693], [120.98904125699676, 24.118710923382565], [120.99963649638832, 24.127885364245962], [121.01208996957736, 24.15419484022613], [121.01939784241114, 24.159591514147515], [121.02774706368524, 24.160308150915697], [121.03317629642217, 24.149381373154586], [121.03782007105644, 24.158960607598857], [121.04736146817146, 24.16083825094162], [121.05235829785184, 24.155592773200958], [121.0847294771995, 24.176842980433804], [121.10148042722557, 24.19662536455965], [121.13608617064922, 24.197065343951085], [121.1477423671845, 24.21357766782253], [121.16076240916126, 24.21565697796564], [121.16748669565301, 24.225931395542656], [121.18130578082135, 24.21263842241787], [121.19627813154288, 24.223657877761582], [121.2081535130674, 24.22227454242532], [121.21951975093323, 24.229721189370725], [121.23767464362308, 24.22019862349567]]]}}, {"type": "Feature", "properties": {"COUNTYNAME": "澎湖縣", "name": "澎湖縣"}, "geometry": {"type": "MultiPolygon", "coordinates": [[[[119.41621055119364, 23.193374563048916], [119.41600197009835, 23.19344284091386], [119.41611499558464, 23.19376537111772], [119.41621055119364, 23.193374563048916]]], [[[119.42006813471875, 23.203943353331663], [119.40950417546772, 23.216308925201425], [119.44795795885939, 23.220111025396267], [119.44288406697976, 23.200426767297493], [119.43614432138665, 23.201938749552532], [119.42976946320138, 23.196678241641667], [119.43042949109301, 23.186590105897956], [119.4188461330855, 23.194790484379077], [119.42006813471875, 23.203943353331663]]], [[[119.6001938757956, 23.79605900880048], [119.59929821940946, 23.7950924707172], [119.59665742288335, 23.79724301192247], [119.59581840481721, 23.79578135393643], [119.59595589901292, 23.79825263649725], [119.6001938757956, 23.79605900880048]]], [[[119.5974985105954, 23.79612403001883], [119.59673268501682, 23.795890563489476], [119.59669841188243, 23.796107403738354], [119.5974985105954, 23.79612403001883]]], [[[119.59879857672937, 23.794053901817055], [119.59821065063117, 23.79345744320564], [119.59710971774452, 23.79309897063322], [119.59879857672937, 23.794053901817055]]], [[[119.59877891620195, 23.792629584915847], [119.59797584159098, 23.79269762408754], [119.59804123252403, 23.79295470993235], [119.59877891620195, 23.792629584915847]]], [[[119.60261524476604, 23.78778734574647], [119.60094358251712, 23.788365104636995], [119.60157942116912, 23.789123362653058], [119.60261524476604, 23.78778734574647]]], [[[119.60177173594462, 23.786443129041285], [119.59839890014867, 23.78535274074516], [119.60044973887774, 23.787951808285168], [119.60177173594462, 23.786443129041285]]], [[[119.60357617395282, 23.78681684011418], [119.6029140221756, 23.786846515957098], [119.60250253404305, 23.7868442087981], [119.60273700886898, 23.787091602011863], [119.60357617395282, 23.78681684011418]]], [[[119.6032701071092, 23.786364308780293], [119.60223444367075, 23.786001005746606], [119.60220210829839, 23.786723484139745], [119.6032701071092, 23.786364308780293]]], [[[119.60280196046331, 23.785289381069514], [119.60280566722764, 23.785494785550675], [119.60316083026079, 23.785249604365834], [119.60280196046331, 23.785289381069514]]], [[[119.60641794756044, 23.783696508549767], [119.60677479592609, 23.783022362185978], [119.60613355454777, 23.782498968803935], [119.60641794756044, 23.783696508549767]]], [[[119.60556699085811, 23.7830818799094], [119.60515945139268, 23.783338561074586], [119.60566913592501, 23.783683781670046], [119.60556699085811, 23.7830818799094]]], [[[119.60473577617107, 23.782322286459262], [119.60414698536631, 23.782502922337702], [119.60459585033487, 23.782763017864], [119.60473577617107, 23.782322286459262]]], [[[119.60604724171954, 23.78220133433067], [119.60525348106457, 23.782284004688954], [119.60575252282428, 23.78265170832885], [119.60604724171954, 23.78220133433067]]], [[[119.60714895410375, 23.78201184655966], [119.60654297254406, 23.78191947260206], [119.60690965976183, 23.782313018330285], [119.60714895410375, 23.78201184655966]]], [[[119.60667693882819, 23.780979960007237], [119.60572326855326, 23.781710497845218], [119.60651705460657, 23.78221754836697], [119.60621638769301, 23.78153700219275], [119.60667693882819, 23.780979960007237]]], [[[119.60490737574878, 23.78170070473801], [119.60458438811298, 23.782074570781077], [119.60520442303175, 23.782085550150338], [119.60490737574878, 23.78170070473801]]], [[[119.60771122800371, 23.780348062967477], [119.606582420195, 23.780298525243794], [119.60712593120374, 23.78194647283717], [119.60816430454325, 23.78033273475792], [119.60771122800371, 23.780348062967477]]], [[[119.61025564065972, 23.780010015130404], [119.61021010174427, 23.78071900857597], [119.61170526184763, 23.780698948048386], [119.61025564065972, 23.780010015130404]]], [[[119.61117038476046, 23.77826325987243], [119.61047897145257, 23.778882714075586], [119.6114454976621, 23.78013351586413], [119.61182686930863, 23.778906118114257], [119.61117038476046, 23.77826325987243]]], [[[119.60825454562664, 23.7796280834293], [119.60763926470919, 23.779903790293723], [119.60769439094595, 23.780129164184732], [119.60825454562664, 23.7796280834293]]], [[[119.60749363873602, 23.77894273076339], [119.6072436494635, 23.779049809744], [119.60818072145926, 23.778944396181604], [119.60797603941745, 23.77857499629168], [119.60749363873602, 23.77894273076339]]], [[[119.61202310414026, 23.77786244393082], [119.61153382677027, 23.778525931048655], [119.61232379655742, 23.778892861487005], [119.61202310414026, 23.77786244393082]]], [[[119.61390918543815, 23.777773403116413], [119.612617664545, 23.778101478316664], [119.61382105616262, 23.778796333538313], [119.61390918543815, 23.777773403116413]]], [[[119.60781414072389, 23.77857111897474], [119.60728832962639, 23.778437891159673], [119.60763284712539, 23.778748050581274], [119.60781414072389, 23.77857111897474]]], [[[119.61241128224808, 23.777605824184135], [119.61213308952146, 23.77793650055825], [119.61246490048039, 23.778084169993317], [119.61241128224808, 23.777605824184135]]], [[[119.61075933296404, 23.77773698378285], [119.61030926028872, 23.77747705512836], [119.61069540272615, 23.777768839551065], [119.61075933296404, 23.77773698378285]]], [[[119.61159070967678, 23.776755797659625], [119.61105513753265, 23.777094725846528], [119.61176140313735, 23.777328488755465], [119.61159070967678, 23.776755797659625]]], [[[119.6117657424025, 23.77648647947131], [119.6116055958068, 23.776660929932866], [119.61218899321219, 23.776976904663176], [119.6117657424025, 23.77648647947131]]], [[[119.61202325831549, 23.77578793739064], [119.61145806044176, 23.775625534230723], [119.6121392958393, 23.776015469966662], [119.61202325831549, 23.77578793739064]]], [[[119.59778897712349, 23.757763314873703], [119.60176157925636, 23.768975587954777], [119.60539738565537, 23.775466215067446], [119.60693458748942, 23.775321867472833], [119.60737568976663, 23.770721881770633], [119.60248068881957, 23.767338457406744], [119.59778897712349, 23.757763314873703]]], [[[119.60763842380618, 23.775301040707426], [119.60720503751693, 23.774995745324333], [119.60733941658005, 23.775349621426063], [119.60763842380618, 23.775301040707426]]], [[[119.60806080477687, 23.77474392469337], [119.60780439325339, 23.774618522342553], [119.607892212591, 23.77501547082753], [119.60806080477687, 23.77474392469337]]], [[[119.58778304130551, 23.76822667408077], [119.58699585709019, 23.768563842586012], [119.58739950223142, 23.76881053410818], [119.58778304130551, 23.76822667408077]]], [[[119.58589907466202, 23.767011322570607], [119.58447957472582, 23.767547298548262], [119.58543830270293, 23.767807659487307], [119.58589907466202, 23.767011322570607]]], [[[119.60287166756993, 23.76702706634071], [119.60247984701257, 23.767288798808565], [119.60310803306247, 23.76742569612972], [119.60287166756993, 23.76702706634071]]], [[[119.60381391750624, 23.766607896508066], [119.60328172838258, 23.76686519284557], [119.60407425976548, 23.767272799279635], [119.60381391750624, 23.766607896508066]]], [[[119.60642117002634, 23.766459291193577], [119.60448835943996, 23.766162816585922], [119.60471213830313, 23.766985740734814], [119.60642117002634, 23.766459291193577]]], [[[119.60724020341601, 23.765598205905135], [119.60687570845319, 23.764809561992084], [119.60562906781442, 23.765381259638264], [119.60724020341601, 23.765598205905135]]], [[[119.60687489055869, 23.759540879059482], [119.60635179120736, 23.759211180181293], [119.60652707374017, 23.759831265587607], [119.60687489055869, 23.759540879059482]]], [[[119.59595245508928, 23.739057637636137], [119.61147927653725, 23.758776529231845], [119.61199984472321, 23.753349887662186], [119.6219033582262, 23.749336979141564], [119.62378032913627, 23.74371042330675], [119.61601870093399, 23.741734736207395], [119.61575707667916, 23.737620604663054], [119.61042400361734, 23.741191810927774], [119.6149903166416, 23.737517705147493], [119.60787977917549, 23.73839200092124], [119.60261572586397, 23.725375613752764], [119.59595245508928, 23.739057637636137]]], [[[119.60819062674322, 23.75858295476312], [119.60804267167754, 23.75816592541979], [119.60729121187707, 23.75851665889], [119.60819062674322, 23.75858295476312]]], [[[119.60800589985081, 23.756942580624692], [119.6072428804769, 23.75733624915038], [119.60819864221575, 23.75725559520799], [119.60800589985081, 23.756942580624692]]], [[[119.59813403108241, 23.755041850360325], [119.59756476881154, 23.754466297728364], [119.59701078813899, 23.75543968778699], [119.59813403108241, 23.755041850360325]]], [[[119.61070085757058, 23.737721012702416], [119.60864594709224, 23.737537529371238], [119.60882530908401, 23.73804924372235], [119.61070085757058, 23.737721012702416]]], [[[119.61214095980453, 23.736107588436205], [119.61134903607339, 23.73646528144834], [119.61188146538314, 23.736478829792745], [119.61214095980453, 23.736107588436205]]], [[[119.61201010961955, 23.733697229440594], [119.61029662691342, 23.73345180269419], [119.61226715804189, 23.73430795784694], [119.61201010961955, 23.733697229440594]]], [[[119.61339765332103, 23.7329939153248], [119.61206494098737, 23.73342838590415], [119.61249417780255, 23.734092464577067], [119.61339765332103, 23.7329939153248]]], [[[119.61000347461466, 23.7327102833159], [119.60892776472734, 23.731195460621855], [119.60948653303979, 23.73390196059901], [119.61000347461466, 23.7327102833159]]], [[[119.55521722916662, 23.708643480126476], [119.55620099622645, 23.71714211686552], [119.55094794423778, 23.719078480185285], [119.55265243039479, 23.721950360965117], [119.55894619730596, 23.71997944939556], [119.55521722916662, 23.708643480126476]]], [[[119.61185833710786, 23.715945817370702], [119.61107086115497, 23.71620450579388], [119.6105478339963, 23.716287836154855], [119.61097961015142, 23.716417059285124], [119.61185833710786, 23.715945817370702]]], [[[119.61262176022653, 23.71556566633097], [119.61168769844645, 23.71549727465384], [119.61235770143121, 23.715848886250356], [119.61262176022653, 23.71556566633097]]], [[[119.61303157999853, 23.714367629902323], [119.61242973828506, 23.71483051766062], [119.61334031834687, 23.715422712857084], [119.61303157999853, 23.714367629902323]]], [[[119.61018431029989, 23.7110071415394], [119.60694884661942, 23.711578096132506], [119.60880183814452, 23.713687733130286], [119.61018431029989, 23.7110071415394]]], [[[119.60953523654743, 23.713569571084694], [119.60926122386832, 23.71355951068551], [119.60932489591133, 23.71367649613936], [119.60953523654743, 23.713569571084694]]], [[[119.61031388588184, 23.713297720928495], [119.60957412189583, 23.71329853301768], [119.61019883666711, 23.71353309485118], [119.61031388588184, 23.713297720928495]]], [[[119.61032138372612, 23.71269722969189], [119.60980087175456, 23.712859704795566], [119.6102702918143, 23.71311068248004], [119.61032138372612, 23.71269722969189]]], [[[119.56759466987435, 23.71246334049533], [119.56574491172618, 23.71128409340953], [119.56549293819931, 23.71270266734501], [119.56759466987435, 23.71246334049533]]], [[[119.61256282742707, 23.71125881388994], [119.60955762322413, 23.709912521097436], [119.61163736648984, 23.711693782098124], [119.61256282742707, 23.71125881388994]]], [[[119.60937058454006, 23.710351192737836], [119.6081631089335, 23.710336316261962], [119.60952964324643, 23.71048601008454], [119.60937058454006, 23.710351192737836]]], [[[119.59361445595478, 23.696032806867777], [119.59271436521969, 23.695993498759307], [119.59281792332757, 23.69630462286751], [119.59361445595478, 23.696032806867777]]], [[[119.56500742587068, 23.695286482535774], [119.56326701584808, 23.695215117911342], [119.56370994839281, 23.695653697710615], [119.56500742587068, 23.695286482535774]]], [[[119.59533878455936, 23.693616770636634], [119.59348644015863, 23.694270409133637], [119.59377144338168, 23.694862877035515], [119.59533878455936, 23.693616770636634]]], [[[119.67058369658743, 23.69295501195323], [119.66962944301918, 23.69311275908325], [119.67101368302225, 23.693851462871567], [119.67058369658743, 23.69295501195323]]], [[[119.55988546959317, 23.69404619607101], [119.55926468046708, 23.693976203138863], [119.55945282203525, 23.69426446991673], [119.55988546959317, 23.69404619607101]]], [[[119.65192499834701, 23.693734836484428], [119.65042726666717, 23.691682539545777], [119.64955793553138, 23.693345135041813], [119.65192499834701, 23.693734836484428]]], [[[119.55959249825476, 23.693202985591324], [119.55945391499219, 23.693110932291017], [119.55942911676436, 23.693187774087804], [119.55959249825476, 23.693202985591324]]], [[[119.55797100448085, 23.691098591536225], [119.55662372768033, 23.691372226163445], [119.55794298361724, 23.692417026309094], [119.55797100448085, 23.691098591536225]]], [[[119.67087172543124, 23.691463906924476], [119.6702606119504, 23.691283706742603], [119.67057356091144, 23.691697707624556], [119.67087172543124, 23.691463906924476]]], [[[119.5966970507158, 23.690581764992608], [119.59535460229158, 23.690205792150536], [119.59479210454467, 23.69106576837718], [119.5966970507158, 23.690581764992608]]], [[[119.67173891014728, 23.682468968946726], [119.66953462707745, 23.687451709511908], [119.67142891135093, 23.688549376338287], [119.67060182802781, 23.69072466243109], [119.67257636282042, 23.688892658775586], [119.67173891014728, 23.682468968946726]]], [[[119.55830799813728, 23.68831612859921], [119.55655946477599, 23.689485259108817], [119.55791385383223, 23.690584106354176], [119.55830799813728, 23.68831612859921]]], [[[119.65227839498559, 23.689848411001368], [119.6506322383502, 23.68940398836104], [119.65067206848408, 23.689916244531116], [119.65227839498559, 23.689848411001368]]], [[[119.65506890489651, 23.688832124491213], [119.65456306216296, 23.68861078384875], [119.65439224282166, 23.688923022640545], [119.65506890489651, 23.688832124491213]]], [[[119.67016264360052, 23.688193802445813], [119.66980168930901, 23.688247400688198], [119.66993969519878, 23.688393531708265], [119.67016264360052, 23.688193802445813]]], [[[119.65551432367617, 23.685220526562258], [119.65491720886513, 23.685004263393296], [119.65487769878298, 23.685166961195637], [119.65551432367617, 23.685220526562258]]], [[[119.65460106914968, 23.685075578195733], [119.65432164377437, 23.685013552911176], [119.65468482343407, 23.685319021395873], [119.65460106914968, 23.685075578195733]]], [[[119.65417049711026, 23.68505495035785], [119.65403528012617, 23.685132272094357], [119.65421049760795, 23.685309865350472], [119.65417049711026, 23.68505495035785]]], [[[119.62354406947564, 23.684897648196245], [119.62271039528683, 23.685025306010424], [119.6241874245006, 23.685016804610598], [119.62354406947564, 23.684897648196245]]], [[[119.65603555950659, 23.685076550997575], [119.65581623273249, 23.68496235423301], [119.65600254897394, 23.68512861063588], [119.65603555950659, 23.685076550997575]]], [[[119.65527114895652, 23.684833287416986], [119.65510068018921, 23.684809354338284], [119.65524660363174, 23.684887744642346], [119.65527114895652, 23.684833287416986]]], [[[119.6547980881158, 23.684648103992053], [119.65479134016712, 23.684830978800044], [119.65496318421945, 23.684823480056362], [119.6547980881158, 23.684648103992053]]], [[[119.65417281054454, 23.684596696190564], [119.65403845847558, 23.684626609336057], [119.65420447385213, 23.684741033582423], [119.65417281054454, 23.684596696190564]]], [[[119.65444262312798, 23.68463606235111], [119.65421931474849, 23.684522006808123], [119.6544269839259, 23.68469481983689], [119.65444262312798, 23.68463606235111]]], [[[119.6680313288839, 23.683529810752987], [119.66767202421389, 23.683359916890325], [119.66764974728318, 23.683743767039022], [119.6680313288839, 23.683529810752987]]], [[[119.66941962899826, 23.67761392710215], [119.66470907122212, 23.677572199048758], [119.6662907986771, 23.68329205561981], [119.66941962899826, 23.67761392710215]]], [[[119.6647092622162, 23.682653527988595], [119.66346001995964, 23.682019564301722], [119.66391010714983, 23.682693185231766], [119.6647092622162, 23.682653527988595]]], [[[119.65680328343787, 23.67887442214291], [119.65783576141817, 23.676424628515637], [119.65686834866054, 23.67861680466103], [119.65666272789161, 23.678606389623862], [119.65680328343787, 23.67887442214291]]], [[[119.66868685079544, 23.673436567455482], [119.67092923083892, 23.676287297907727], [119.6729421334064, 23.675014960734163], [119.6725973099919, 23.674384512310972], [119.66868685079544, 23.673436567455482]]], [[[119.55678488483298, 23.675937709403318], [119.5547701198412, 23.674002858440485], [119.5543808509046, 23.67657544948482], [119.55678488483298, 23.675937709403318]]], [[[119.61429753843471, 23.665268367703536], [119.6162342169728, 23.674061813120908], [119.61946721867679, 23.67535474710395], [119.6194481323334, 23.67351075267943], [119.61429753843471, 23.665268367703536]]], [[[119.61226142935647, 23.671071758742677], [119.61200877843181, 23.67108870312983], [119.61205102994954, 23.67114948575267], [119.61226142935647, 23.671071758742677]]], [[[119.6676626202288, 23.66051326403228], [119.65574992303391, 23.661264745925372], [119.66428503061219, 23.67031885128754], [119.66731207256797, 23.668695402828597], [119.6676626202288, 23.66051326403228]]], [[[119.55448603077413, 23.669328753344264], [119.55418319616413, 23.669291568349454], [119.55437312949184, 23.669597791642694], [119.55448603077413, 23.669328753344264]]], [[[119.55494449355102, 23.669105885191986], [119.55460967794396, 23.66889488755342], [119.55464235731174, 23.6690889077204], [119.55494449355102, 23.669105885191986]]], [[[119.54889700037668, 23.663697714035752], [119.54825808753658, 23.663794886940313], [119.54825853501629, 23.663871638100495], [119.54889700037668, 23.663697714035752]]], [[[119.54847260561024, 23.653416551323115], [119.5477714738849, 23.654468837833257], [119.54882717564703, 23.653898391235707], [119.54847260561024, 23.653416551323115]]], [[[119.5492767581446, 23.653973095410716], [119.54893868263878, 23.65399461232057], [119.54927421352788, 23.654097262865754], [119.5492767581446, 23.653973095410716]]], [[[119.54921600542836, 23.653488062011924], [119.54893509755324, 23.65333545299855], [119.54879332303449, 23.65356666561617], [119.54921600542836, 23.653488062011924]]], [[[119.54969107433871, 23.65311831727459], [119.54937128587932, 23.65311719341163], [119.54935645156667, 23.65323237508189], [119.54969107433871, 23.65311831727459]]], [[[119.63394636370415, 23.642949050212863], [119.62959332847622, 23.646177291684943], [119.63326168170748, 23.651972377059035], [119.63683327001368, 23.650656928640924], [119.63394636370415, 23.642949050212863]]], [[[119.54753093256873, 23.65227092708061], [119.54734972685819, 23.65222867535251], [119.54741932788548, 23.652318727694322], [119.54753093256873, 23.65227092708061]]], [[[119.54560593352296, 23.65037885232293], [119.54496157505375, 23.649880057145737], [119.54530757152571, 23.650522120717888], [119.54560593352296, 23.65037885232293]]], [[[119.54494771232096, 23.649417330628044], [119.54381722575269, 23.649517769299823], [119.54466104062922, 23.65013168906135], [119.54494771232096, 23.649417330628044]]], [[[119.54536226254741, 23.648957513344083], [119.54506095375577, 23.649055742125658], [119.5453117106727, 23.64917666285542], [119.54536226254741, 23.648957513344083]]], [[[119.581931772804, 23.64890746722692], [119.58153289302851, 23.64840794109807], [119.58109529737196, 23.64891975516838], [119.581931772804, 23.64890746722692]]], [[[119.58839141202019, 23.640737301358367], [119.58728354381293, 23.640730959778548], [119.58830689201957, 23.640877711329836], [119.58839141202019, 23.640737301358367]]], [[[119.60521056628565, 23.63885912009176], [119.60480187237978, 23.63890149194249], [119.60526120096314, 23.63894696095471], [119.60521056628565, 23.63885912009176]]], [[[119.60835703511741, 23.63750037306698], [119.60799631623243, 23.637470600817206], [119.60803242595395, 23.637709742689236], [119.60835703511741, 23.63750037306698]]], [[[119.6175297096068, 23.630292069266712], [119.61732360670398, 23.630123669416772], [119.61733227082752, 23.6304441860453], [119.6175297096068, 23.630292069266712]]], [[[119.56987512792205, 23.616547534938416], [119.56514502864981, 23.619163205156198], [119.5679006689026, 23.622569125443754], [119.57024309425597, 23.620225872442767], [119.56987512792205, 23.616547534938416]]], [[[119.59908048202126, 23.60799868814735], [119.59831358175755, 23.608096581606667], [119.59907293268884, 23.608156740365033], [119.59908048202126, 23.60799868814735]]], [[[119.61467575414848, 23.60710727387186], [119.61421962055613, 23.607698272709996], [119.6148043280818, 23.60756038630705], [119.61467575414848, 23.60710727387186]]], [[[119.50851127693261, 23.273122219175338], [119.50776284448294, 23.27279932161273], [119.50784378353663, 23.273167027232965], [119.50851127693261, 23.273122219175338]]], [[[119.50907287454731, 23.25565093706131], [119.51591779409465, 23.263744592001228], [119.52180730309935, 23.264428719397287], [119.51643441879861, 23.254830251730738], [119.50907287454731, 23.25565093706131]]], [[[119.66541259056373, 23.25860948439445], [119.67928758496173, 23.26324811057271], [119.6721971780766, 23.244145215898534], [119.66456558724242, 23.250538387708264], [119.66541259056373, 23.25860948439445]]], [[[119.66159153719619, 23.262876756403852], [119.65716221541479, 23.26292666145163], [119.6611749213142, 23.26441129917034], [119.66159153719619, 23.262876756403852]]], [[[119.50261669017017, 23.25876622475344], [119.50166564599652, 23.258080835410873], [119.50186497491008, 23.258737123641815], [119.50261669017017, 23.25876622475344]]], [[[119.61848477395928, 23.255476466573036], [119.61743007131415, 23.25512856498677], [119.61733284235284, 23.255368235128962], [119.61848477395928, 23.255476466573036]]], [[[119.62153289252856, 23.24462806908773], [119.60867493997544, 23.251360888920203], [119.61345355630708, 23.253657403587294], [119.62155421150692, 23.252632864681107], [119.62153289252856, 23.24462806908773]]], [[[119.51972461540741, 23.252985958153097], [119.51779112813207, 23.253719595975006], [119.51953093498416, 23.253880559864676], [119.51972461540741, 23.252985958153097]]], [[[119.55138306601357, 23.24394415304881], [119.55107524849574, 23.24394297559267], [119.55120614875551, 23.24418180728919], [119.55138306601357, 23.24394415304881]]], [[[119.55067936962367, 23.242682442617788], [119.54929456494477, 23.24291483212909], [119.55062978255567, 23.243438866090226], [119.55067936962367, 23.242682442617788]]], [[[119.55119637216954, 23.24205079786932], [119.55071319743503, 23.242219544358488], [119.55109999889886, 23.242344605968793], [119.55119637216954, 23.24205079786932]]], [[[119.52099875003944, 23.23444093255095], [119.52007900546144, 23.23474433287782], [119.51977683073775, 23.235214889586658], [119.52099875003944, 23.23444093255095]]], [[[119.49235180256075, 23.381389621801752], [119.49597400903725, 23.387556058799344], [119.49071323787793, 23.3967618741174], [119.50137362033325, 23.389114213442948], [119.50606436809382, 23.394342547796356], [119.50836177443009, 23.376821225699867], [119.51340293887759, 23.376896846178266], [119.50797292488733, 23.371957644530774], [119.5165949549851, 23.373515666361996], [119.5162988483326, 23.36786169478886], [119.50708067562488, 23.363542542259562], [119.51309667469839, 23.352485610419496], [119.48626355312666, 23.356018573625665], [119.4945996990571, 23.3654596677627], [119.49235180256075, 23.381389621801752]]], [[[119.31515747662527, 23.400415917448868], [119.31949833611388, 23.41180260673843], [119.3306803931214, 23.404963525668332], [119.32394500117539, 23.398847587266097], [119.31515747662527, 23.400415917448868]]], [[[119.51400818781923, 23.396119662148045], [119.51236202467146, 23.39548407591669], [119.51251870308612, 23.396124691853913], [119.51400818781923, 23.396119662148045]]], [[[119.51534928463091, 23.38214121366895], [119.51212722757215, 23.381707317029452], [119.51341433995856, 23.38512310668871], [119.51534928463091, 23.38214121366895]]], [[[119.52926058339668, 23.378015786459812], [119.52644687533046, 23.378622358451388], [119.52642911812555, 23.379511863433795], [119.52926058339668, 23.378015786459812]]], [[[119.48826118161571, 23.37836572362909], [119.48724162608629, 23.378671564737182], [119.48776049858823, 23.378924884954536], [119.48826118161571, 23.37836572362909]]], [[[119.51853592665968, 23.364167260287783], [119.5270782973527, 23.372403172289815], [119.53664284693446, 23.37579020838043], [119.5438963083114, 23.36531835044524], [119.5322290783317, 23.366869679082814], [119.5242276953756, 23.3572425115769], [119.51853592665968, 23.364167260287783]]], [[[119.52563613117611, 23.375056016439213], [119.5243243308715, 23.37346430945658], [119.52290692010483, 23.375358668450858], [119.52563613117611, 23.375056016439213]]], [[[119.53167937255462, 23.374305383572324], [119.53117257133071, 23.374302689595357], [119.53163855024411, 23.37449289276734], [119.53167937255462, 23.374305383572324]]], [[[119.55253968866286, 23.366002416445966], [119.55254063561976, 23.366747382246665], [119.55335543507563, 23.366758698276705], [119.55253968866286, 23.366002416445966]]], [[[119.55326710228036, 23.363801744655667], [119.55218707977382, 23.363829732648945], [119.55239783877721, 23.36528730090755], [119.55326710228036, 23.363801744655667]]], [[[119.53844591714515, 23.361821776792162], [119.53555263627649, 23.361295980044993], [119.53643364883052, 23.36336806901776], [119.53844591714515, 23.361821776792162]]], [[[119.48171070288858, 23.356697701265492], [119.478994432849, 23.35843643660627], [119.47877512404177, 23.359209162130412], [119.48171070288858, 23.356697701265492]]], [[[119.51807791123993, 23.356620445154704], [119.51743205135776, 23.35659785435677], [119.5180805928137, 23.356681387710594], [119.51807791123993, 23.356620445154704]]], [[[119.46295188278103, 23.354984504362335], [119.46019096171156, 23.35465748611576], [119.46263727694406, 23.355931430193394], [119.46295188278103, 23.354984504362335]]], [[[119.52760688679372, 23.35543872117075], [119.52720560890614, 23.355440172523434], [119.52721602436056, 23.35552366285776], [119.52760688679372, 23.35543872117075]]], [[[119.46369194163508, 23.35484912215422], [119.4633423188084, 23.355204582943], [119.46356499290395, 23.355574151590496], [119.46369194163508, 23.35484912215422]]], [[[119.46963088902777, 23.35267734841956], [119.4678858856035, 23.353396469437705], [119.46950141181163, 23.35314052034367], [119.46963088902777, 23.35267734841956]]], [[[119.52000142220942, 23.351841161814008], [119.51960690566443, 23.351851501599985], [119.51993569253347, 23.351992630340956], [119.52000142220942, 23.351841161814008]]], [[[119.51985313491562, 23.35130889438196], [119.51981228948601, 23.351539289481316], [119.51995656940608, 23.351500433579503], [119.51985313491562, 23.35130889438196]]], [[[119.53962002822185, 23.349790442199367], [119.53754266271169, 23.34950339937113], [119.53992830643656, 23.350430491363472], [119.53962002822185, 23.349790442199367]]], [[[119.46585837943695, 23.347850083691448], [119.46466704068867, 23.347377503066134], [119.46589253274963, 23.348933584564907], [119.46585837943695, 23.347850083691448]]], [[[119.32295074128818, 23.32392421323242], [119.3183636084081, 23.324651440862542], [119.3198474027532, 23.32764292286121], [119.32024835546245, 23.32605269158167], [119.32198921921402, 23.3241614475271], [119.32295074128818, 23.32392421323242]]], [[[119.32314089419847, 23.324291797409554], [119.32238902718129, 23.324344658367142], [119.32273413067249, 23.32464943119837], [119.32314089419847, 23.324291797409554]]], [[[119.32557699957411, 23.324012342604597], [119.32332771261832, 23.324009222225015], [119.32324123503055, 23.324338998234364], [119.32557699957411, 23.324012342604597]]], [[[119.33841388319456, 23.318038152931567], [119.3349448482169, 23.319012989905758], [119.3359241096528, 23.322731211631613], [119.33841388319456, 23.318038152931567]]], [[[119.3424166327803, 23.307639828508908], [119.34160711002704, 23.30811830741452], [119.34182102424067, 23.308715343634105], [119.3424166327803, 23.307639828508908]]], [[[119.50095847486347, 23.29089091523532], [119.50041162299277, 23.29079569165181], [119.50058829507259, 23.291280481083273], [119.50095847486347, 23.29089091523532]]], [[[119.5024222466758, 23.289068880556595], [119.50055633581437, 23.29015411471759], [119.50258059130758, 23.290495085048246], [119.5024222466758, 23.289068880556595]]], [[[119.50063343929376, 23.28677896713966], [119.50004326100098, 23.286941128091886], [119.50019847793064, 23.2871144567566], [119.50063343929376, 23.28677896713966]]], [[[119.50163539354547, 23.27644326161036], [119.50120145784511, 23.276704254683786], [119.50182460972368, 23.276711193092158], [119.50163539354547, 23.27644326161036]]], [[[119.50421194400795, 23.276016915503984], [119.50137646064277, 23.275681073119344], [119.5017699723479, 23.276086050803723], [119.50152894706851, 23.27623817458291], [119.50188870309266, 23.276471697602236], [119.50421194400795, 23.276016915503984]]], [[[119.51119111965568, 23.266343072072743], [119.5048775371691, 23.26833027228646], [119.50273486265596, 23.272716990415454], [119.50723674918392, 23.27243767451181], [119.50983846509733, 23.273226071609674], [119.51119111965568, 23.266343072072743]]], [[[119.69689958967986, 23.5555701476912], [119.69654231448084, 23.554971399273892], [119.69541996933349, 23.555493981542334], [119.69689958967986, 23.5555701476912]]], [[[119.66044501357256, 23.54356780657614], [119.65937388935609, 23.54434910607214], [119.66087867175091, 23.544789483639413], [119.66044501357256, 23.54356780657614]]], [[[119.66003333238365, 23.541824670532215], [119.6589943431483, 23.541768226803907], [119.65965050117394, 23.542544150159003], [119.66003333238365, 23.541824670532215]]], [[[119.66133017344308, 23.540406409650373], [119.65994024655589, 23.539657939398868], [119.6598293661267, 23.54010763722999], [119.66133017344308, 23.540406409650373]]], [[[119.72666821585281, 23.53694553821632], [119.72567975651721, 23.535126316292526], [119.72453206201618, 23.536116696521074], [119.72666821585281, 23.53694553821632]]], [[[119.60461277384357, 23.59608782330918], [119.60535435478664, 23.59631769717708], [119.60539880403518, 23.59619071208589], [119.60461277384357, 23.59608782330918]]], [[[119.68704823755053, 23.62612091936565], [119.68326465184424, 23.626897029417687], [119.68597181156754, 23.627896819674465], [119.68704823755053, 23.62612091936565]]], [[[119.70124886834093, 23.61967002302446], [119.6985617163261, 23.618473612931712], [119.69982305350176, 23.620397814546386], [119.70124886834093, 23.61967002302446]]], [[[119.69625112458927, 23.619257322421518], [119.69525364648246, 23.619526635271402], [119.69640032837084, 23.620346933659395], [119.69625112458927, 23.619257322421518]]], [[[119.69841128293643, 23.61828467528881], [119.69754573386471, 23.6184218670895], [119.69795059885287, 23.619347803413124], [119.69841128293643, 23.61828467528881]]], [[[119.70283529577627, 23.616686586475208], [119.70157263796347, 23.617140356568406], [119.70250461105879, 23.617648434764902], [119.70283529577627, 23.616686586475208]]], [[[119.6986661524964, 23.617342226632246], [119.69760888479384, 23.616087514880345], [119.69797508442446, 23.61716035331589], [119.6986661524964, 23.617342226632246]]], [[[119.70132735605759, 23.616107613784635], [119.700848263267, 23.616247591588717], [119.70137578504911, 23.61623154737713], [119.70132735605759, 23.616107613784635]]], [[[119.70065951068189, 23.615322943726955], [119.69997868967509, 23.615512274531174], [119.70064779543888, 23.61569093933515], [119.70065951068189, 23.615322943726955]]], [[[119.67193960514078, 23.6048447781995], [119.67420788685641, 23.603329788386898], [119.67290849965902, 23.602028535534735], [119.67193960514078, 23.6048447781995]]], [[[119.67468481248005, 23.60282406511425], [119.67419269645723, 23.602632337095205], [119.6738942827067, 23.602897740969404], [119.67468481248005, 23.60282406511425]]], [[[119.67623133502977, 23.59943043091787], [119.67483708735267, 23.599441901863536], [119.67554298243964, 23.600200208942862], [119.67623133502977, 23.59943043091787]]], [[[119.67876256481966, 23.598358908374696], [119.6778786730693, 23.598482518124314], [119.67931825141316, 23.598356361787104], [119.67876256481966, 23.598358908374696]]], [[[119.69453782411951, 23.564346958201043], [119.69281623881383, 23.564489326294485], [119.69297212679712, 23.56483615702706], [119.69453782411951, 23.564346958201043]]], [[[119.68928229418937, 23.56267134372201], [119.68903140510625, 23.562749206035278], [119.68994040825592, 23.562853417976182], [119.68928229418937, 23.56267134372201]]], [[[119.72524655771761, 23.55890733666036], [119.72277707954338, 23.557658193883864], [119.72284484712546, 23.55824028005568], [119.72524655771761, 23.55890733666036]]], [[[119.69521104414407, 23.557953202326154], [119.6942995060612, 23.55703980212711], [119.6940543279544, 23.55738852984256], [119.69521104414407, 23.557953202326154]]], [[[119.52729210941118, 23.6569928261139], [119.52632257320298, 23.65603003375996], [119.52490745028538, 23.656059409695015], [119.52490847832783, 23.657436447737087], [119.52729210941118, 23.6569928261139]]], [[[119.53896603710933, 23.643978670077136], [119.538524532206, 23.643645498020135], [119.53790635903006, 23.643776419550008], [119.53896603710933, 23.643978670077136]]], [[[119.53945683188019, 23.64190481023755], [119.53820272492341, 23.641863303638676], [119.53861386326125, 23.64245324158271], [119.53945683188019, 23.64190481023755]]], [[[119.53934586928877, 23.64063208911763], [119.53882656924296, 23.640822604483507], [119.53905180103163, 23.64099850122303], [119.53934586928877, 23.64063208911763]]], [[[119.5516968415362, 23.59452817371688], [119.55140515052517, 23.594547269511345], [119.55165791779453, 23.594880481600647], [119.5516968415362, 23.59452817371688]]], [[[119.5405221256761, 23.58045931792513], [119.54021248358848, 23.580503286130998], [119.54050534209566, 23.580547416618675], [119.5405221256761, 23.58045931792513]]], [[[119.58934158979967, 23.596089337391184], [119.58759821355272, 23.595571265588962], [119.58939075586258, 23.596402940796565], [119.58934158979967, 23.596089337391184]]], [[[119.54293077927554, 23.555359929688315], [119.54130610867334, 23.553017370028407], [119.54181669808878, 23.55434582829764], [119.54130876191317, 23.554897785613836], [119.54293077927554, 23.555359929688315]]], [[[119.5415578922037, 23.55415648810201], [119.54122774098819, 23.554259220444923], [119.54160936844102, 23.55424434748279], [119.5415578922037, 23.55415648810201]]], [[[119.53333203927254, 23.54168239655726], [119.53164045801057, 23.540733519065768], [119.53010637040336, 23.54137289641477], [119.53333203927254, 23.54168239655726]]], [[[119.52888846880816, 23.540848913456983], [119.52846818909717, 23.541271331245532], [119.52924320390844, 23.541436785545407], [119.52888846880816, 23.540848913456983]]], [[[119.52957404273893, 23.541074470975616], [119.52942819163111, 23.541314254952812], [119.52952018292834, 23.541356833074975], [119.52957404273893, 23.541074470975616]]], [[[119.52436135588289, 23.53977728368614], [119.52556538771739, 23.540439365896535], [119.5259335326067, 23.540144655981383], [119.52436135588289, 23.53977728368614]]], [[[119.5192048598567, 23.508743728596976], [119.51439893472045, 23.509476286872808], [119.51609725594133, 23.514723629275206], [119.52169815269092, 23.514611397652146], [119.5192048598567, 23.508743728596976]]], [[[119.51170019758015, 23.483003110476456], [119.5103477546216, 23.491461950684972], [119.51534988086092, 23.486320494985183], [119.52929937544876, 23.49584086031115], [119.53756891381092, 23.498101723496955], [119.54377779469769, 23.494487289683253], [119.51170019758015, 23.483003110476456]]], [[[119.58096029613954, 23.661552068087516], [119.57101131699025, 23.662233775495075], [119.56324237361817, 23.651401107739566], [119.55459043683398, 23.657494980059862], [119.5421647406317, 23.64311485043154], [119.53928014091076, 23.632672523162547], [119.51804711641675, 23.629027636242174], [119.523126363479, 23.601777963824723], [119.5196231838449, 23.594534226045468], [119.51224022967362, 23.59219409044779], [119.51630907403795, 23.58541694071585], [119.51180770996898, 23.580716333051], [119.51619596598076, 23.56481358384165], [119.49616230815566, 23.568158748416167], [119.4897066515305, 23.56269372080604], [119.46720352120664, 23.561277859347566], [119.4812909873887, 23.57543395195285], [119.49182225211051, 23.56983931550771], [119.50335410773144, 23.57915130149758], [119.50211841295864, 23.59045633155307], [119.48951359903072, 23.594294475776167], [119.49408704244593, 23.596079431062922], [119.4938001119341, 23.60208746279732], [119.49836149626996, 23.595701359376463], [119.50446802672488, 23.59743982549606], [119.50262725310574, 23.605679115970197], [119.50893674119384, 23.61268272787214], [119.49928170471836, 23.62012648220801], [119.51202123564174, 23.64836075045572], [119.51968232090398, 23.648198796383877], [119.51420031394167, 23.655532228329864], [119.52416099845321, 23.655757279860858], [119.51947177235527, 23.64758406963602], [119.52162341089196, 23.642677088777116], [119.53832116130144, 23.63957381440924], [119.54028817688055, 23.64044811413775], [119.54396808417033, 23.64605657662918], [119.55415130881691, 23.657571136078765], [119.55081455246976, 23.662706835081387], [119.5551771940932, 23.668567788377185], [119.5702192732888, 23.67027769257606], [119.5681981727861, 23.67250488846273], [119.58228577032362, 23.677530001197052], [119.59086718881993, 23.67177518114441], [119.59987125400356, 23.673763084554235], [119.60546998248546, 23.66826293811002], [119.60122865215821, 23.66544540186868], [119.6098029612125, 23.663592237673967], [119.60636386792659, 23.659504492494552], [119.61357119502313, 23.65291478421424], [119.61097463394658, 23.647629845807753], [119.60048039957742, 23.64818600658536], [119.60233578126473, 23.641783309650354], [119.59730813716624, 23.63958610620134], [119.6024908489198, 23.63365604944121], [119.61032185797413, 23.635697738902923], [119.6023326146198, 23.62853008751145], [119.60468007552453, 23.625140811403806], [119.60602353723084, 23.620843188059688], [119.61347560671639, 23.62008361187509], [119.60987980549994, 23.61057449018579], [119.61248201488961, 23.606816282530623], [119.61277402475262, 23.601830595971112], [119.61674965705141, 23.604899386178506], [119.6160810434586, 23.599994786681467], [119.62038553480748, 23.60127923129262], [119.61980381344073, 23.60631331942637], [119.62516617516303, 23.608945609847765], [119.63084877192458, 23.60729781403972], [119.62507094153177, 23.60046042328932], [119.62787337093619, 23.595693697642695], [119.62415834691, 23.579486179383778], [119.6294809917673, 23.57940656096896], [119.63734559082282, 23.59898672138473], [119.6413694554559, 23.596491216473545], [119.63959299111919, 23.587408274486602], [119.6436446329489, 23.587711819676624], [119.65083847130883, 23.607483652065206], [119.64730832948186, 23.606812188662524], [119.65479282049665, 23.608902607093775], [119.65741238303889, 23.603852742938276], [119.65436923394975, 23.60050254330029], [119.6552992736407, 23.598563775169442], [119.66566696099902, 23.595526697327692], [119.65999452345807, 23.5954626267623], [119.66206764364954, 23.589612060364757], [119.66837369600316, 23.5910833596676], [119.66686876480188, 23.595825860757753], [119.67211327945571, 23.601141983327867], [119.68263862982376, 23.583938181401408], [119.68311164573095, 23.5656603617021], [119.68835180896811, 23.561579752722846], [119.69237180082308, 23.563834413601647], [119.69130098947676, 23.560942029259824], [119.69589677129656, 23.553746280987184], [119.67776270962584, 23.551407051419325], [119.67097271919228, 23.56222779482953], [119.64529843310409, 23.560189386201493], [119.6350088525133, 23.54676137461919], [119.62402673090197, 23.54473370951518], [119.62150544393754, 23.538129930061125], [119.61424543384031, 23.53803613650418], [119.60545230766581, 23.528864703496417], [119.60642709228452, 23.52217804668009], [119.61175936197407, 23.521973495728737], [119.60549563396332, 23.51642120681877], [119.60739906529199, 23.508002595043433], [119.59176378616174, 23.512878950423975], [119.57180967829908, 23.508659035569043], [119.57250258046744, 23.522114130574117], [119.5645104342658, 23.526298463604345], [119.55689248430069, 23.523559204482474], [119.54827429511711, 23.534074443631685], [119.54945894705436, 23.539002603219046], [119.5412073343064, 23.53887272044504], [119.54220180814957, 23.548014578233293], [119.5452968750379, 23.54649839379266], [119.54752286990666, 23.55343682409126], [119.5488243611395, 23.553935389061945], [119.54972336764415, 23.54063829193039], [119.55690893364094, 23.53757325361873], [119.55499194878026, 23.528933828131418], [119.56110229706887, 23.526774296209496], [119.56549806658036, 23.534733014079023], [119.57186620414217, 23.53199169384827], [119.57436431198508, 23.519691576613265], [119.58271380037225, 23.53271139080059], [119.59611323883878, 23.526739683624488], [119.5999550454273, 23.532174580386005], [119.59564898497291, 23.53255020119874], [119.59501363157082, 23.53805174881055], [119.60308453684281, 23.540296799840355], [119.60007863532674, 23.54535918558618], [119.6040980090307, 23.548367581674412], [119.59439447916587, 23.548450395913594], [119.59195316542039, 23.553464630173114], [119.59106782417717, 23.549753141537572], [119.5875068472459, 23.552104580301787], [119.57323638981475, 23.545324542936235], [119.56903307718538, 23.551297710311584], [119.56458651412697, 23.547872329787793], [119.56188207303587, 23.556953988953587], [119.57134972022804, 23.552944680042568], [119.57568774809222, 23.554894574077807], [119.57274761314454, 23.55933809693461], [119.576286373453, 23.557040980790358], [119.57743348544072, 23.558682257288552], [119.5723277163902, 23.56316380659097], [119.57978205375335, 23.563401919181207], [119.57438606446019, 23.56808608336645], [119.56820896485802, 23.56208898661878], [119.55570266999091, 23.5633239304635], [119.56741931941666, 23.574976349813166], [119.56166508063885, 23.585073476419918], [119.57468270162121, 23.584966107603446], [119.58336245517948, 23.594268200675632], [119.58557083291122, 23.5808254168264], [119.58299540569135, 23.581339698395997], [119.58177816317558, 23.580039559590325], [119.5888281274357, 23.580818102573286], [119.58696623682762, 23.57122702772494], [119.59411949187029, 23.574836170902646], [119.59726445039935, 23.569025104666785], [119.60212063092963, 23.577081431119304], [119.59985254093894, 23.5767952739969], [119.59872023232607, 23.577000750911274], [119.59861988532526, 23.577421020650313], [119.5977797746868, 23.577410818212773], [119.59747475057127, 23.576981732503015], [119.59839296563041, 23.58280587776975], [119.60726077613762, 23.586012575475603], [119.6073903640698, 23.596899774073353], [119.60304794192788, 23.600992658122955], [119.60578747884833, 23.60559776653384], [119.6125527966217, 23.605411879392893], [119.59729442852547, 23.61593953100528], [119.60552078759565, 23.62015752282779], [119.6045094530876, 23.625021832587265], [119.59999698839016, 23.6203704998583], [119.59540546061558, 23.624724926262463], [119.58849196699536, 23.62266166789356], [119.59576878390507, 23.63549596483261], [119.57940947498989, 23.65635409756028], [119.58096029613954, 23.661552068087516]]]]}}, {"type": "Feature", "properties": {"COUNTYNAME": "苗栗縣", "name": "苗栗縣"}, "geometry": {"type": "MultiPolygon", "coordinates": [[[[120.66254137055314, 24.480944522365114], [120.6635534531978, 24.481333424418196], [120.66252121078021, 24.480769984727967], [120.66254137055314, 24.480944522365114]]], [[[120.66137624647787, 24.479580961528317], [120.66224942757897, 24.480155962622938], [120.66142074959541, 24.479025530767], [120.66137624647787, 24.479580961528317]]], [[[121.19550351022546, 24.50709310338867], [121.21671309256396, 24.515086628951916], [121.22360745443478, 24.506383782874188], [121.2186474024603, 24.498296478231882], [121.23454797564494, 24.48790243324985], [121.24440982715645, 24.469945585137538], [121.25800459792782, 24.46336322861622], [121.26262238746385, 24.455269697403477], [121.25946177429763, 24.42912124106754], [121.24328477535823, 24.42025396945311], [121.24285658512976, 24.405836642428806], [121.23404347078717, 24.39737651101874], [121.23156523952818, 24.384100107282258], [121.2153985004596, 24.379482875993215], [121.20975060110138, 24.39612794143591], [121.19662909545153, 24.39662850856685], [121.18959467582197, 24.381538030525437], [121.17295733495148, 24.373341448377367], [121.16797586234145, 24.360976870470502], [121.14061650953296, 24.35959927173276], [121.12398296751529, 24.340776440553665], [121.12123650331685, 24.33061867949297], [121.10812715080762, 24.33088384894978], [121.08697057341391, 24.317442422258136], [121.08119741174166, 24.324059909349316], [121.07286579104276, 24.32283842453333], [121.06995010825156, 24.31569335889397], [121.05545460016272, 24.31065693103935], [121.05165377164823, 24.298579357076434], [121.04510058601093, 24.2953220560659], [121.03422462314225, 24.297609470090674], [121.01976563238736, 24.309436099327467], [121.00359776503879, 24.332482683639135], [120.9917089694554, 24.329581873657247], [120.98193794206122, 24.33586561751296], [120.9664432399563, 24.33341833136354], [120.93566937080828, 24.342855550386474], [120.91634962758512, 24.334728506410812], [120.92242968845605, 24.304067804804443], [120.91183956024862, 24.29401868445068], [120.83371257889391, 24.290447958005768], [120.80687475525642, 24.31547005237451], [120.76285443237677, 24.326071927784575], [120.73052827025802, 24.351709179928406], [120.70727632285548, 24.35781061078993], [120.70743995969808, 24.36166441804999], [120.69276390982127, 24.3671475240674], [120.66371577103995, 24.402220080523744], [120.64602049586964, 24.41221095145213], [120.63960274215013, 24.427793802454246], [120.62117546748395, 24.44094524622248], [120.62785810116813, 24.445908774668187], [120.62635480456974, 24.442209402840277], [120.62956640249094, 24.442553241695787], [120.63109729874725, 24.448048583981492], [120.63399673013818, 24.445023011062073], [120.6314358898679, 24.448518778121617], [120.65125977821099, 24.460580642405702], [120.64664451536747, 24.46200168552263], [120.65318430397853, 24.462495454248387], [120.64942452167912, 24.465678611528414], [120.66750868226488, 24.483829779782045], [120.6686693940962, 24.48810505023812], [120.66682347500132, 24.486301358577517], [120.66507887966588, 24.48732517876944], [120.67044445662358, 24.49831359771758], [120.67722194586106, 24.4966103190094], [120.6694002446366, 24.4990496884827], [120.68699601569418, 24.523101452671145], [120.71119398497275, 24.58594712635294], [120.72326960092451, 24.605660865165824], [120.73706738409132, 24.611929372293286], [120.74546896332191, 24.6076274846727], [120.75897047741641, 24.61322727229968], [120.75845862306662, 24.622417128933005], [120.75101499947702, 24.61890962572958], [120.77099686912484, 24.649255377483087], [120.76885893393617, 24.651974356444192], [120.77263863971524, 24.650182595222564], [120.76846817663625, 24.654669298217637], [120.7753555826334, 24.65455727580899], [120.7831549095709, 24.662082667060446], [120.82872345360992, 24.6695583660581], [120.83374504343303, 24.68048010961657], [120.85811119184245, 24.698969385620615], [120.85469833368363, 24.70187125743589], [120.85980032667003, 24.700304741755765], [120.86592073775557, 24.724531584094485], [120.87851501801168, 24.735212255795066], [120.89372934460926, 24.73231696028419], [120.9074395586178, 24.741084424643866], [120.91626376746048, 24.721508328895677], [120.91376230832081, 24.717281211021756], [120.9302806095546, 24.716621916025087], [120.94217903734625, 24.707318057722432], [120.94985349889869, 24.711144631056342], [120.95326440244557, 24.70403064742936], [120.9632374464296, 24.71141035859353], [120.97514290026585, 24.710900413830984], [120.97399628333568, 24.696932704757423], [120.96444183866328, 24.683576664934222], [120.97544829060689, 24.684610557628826], [120.97700660644817, 24.673631702878474], [120.98670448448901, 24.6638185334717], [120.9906433208854, 24.66478282505468], [120.997233149419, 24.654593826449155], [121.01028422687536, 24.65621032314844], [121.0081927806907, 24.644386256646207], [121.02541630185019, 24.64119051510629], [121.02612888939755, 24.63568012305716], [121.04342743792193, 24.62710525656155], [121.05159394534361, 24.61513674061763], [121.06236255330278, 24.621816622547975], [121.07495459899775, 24.612212677274478], [121.08308550458737, 24.589983377785906], [121.07529304363203, 24.580906311881538], [121.07056809472519, 24.563358126798253], [121.06271599773694, 24.557458660738163], [121.0565754191504, 24.559312116956303], [121.0805186759485, 24.540895396796635], [121.0782372591446, 24.52877948321568], [121.06699504582821, 24.522814591624545], [121.0718607270003, 24.498365763700985], [121.08519291879138, 24.501304534641765], [121.09823651699308, 24.49645914713164], [121.12325836474336, 24.510266447692022], [121.13685212905243, 24.5066589076259], [121.14502260134333, 24.511922085582377], [121.15063733978208, 24.506056551742063], [121.16916304794042, 24.50259232943076], [121.17969739703945, 24.508015640606992], [121.19550351022546, 24.50709310338867]]]]}}, {"type": "Feature", "properties": {"COUNTYNAME": "嘉義市", "name": "嘉義市"}, "geometry": {"type": "Polygon", "coordinates": [[[120.41114421951667, 23.498763655716203], [120.43346025529463, 23.50923105913637], [120.43352409236186, 23.517094136441678], [120.44062764222704, 23.511839666634565], [120.44050054043632, 23.518194083955528], [120.44678767038137, 23.518333936957458], [120.45710194580315, 23.515487647188465], [120.46443843362734, 23.499060145029112], [120.47355862312459, 23.506861789008227], [120.48316606308609, 23.505367874038154], [120.48404684557924, 23.495493859912433], [120.50121605779381, 23.489939610502688], [120.50178793609396, 23.480929229933906], [120.50921945139697, 23.47218208220673], [120.49974033418704, 23.46543139357244], [120.49523235445339, 23.452892231050484], [120.4686881720279, 23.461599261462542], [120.45255261575224, 23.444568973342477], [120.43952624521339, 23.43958096449851], [120.42930183817928, 23.461035199787425], [120.39414145043601, 23.46252766245565], [120.39910856976108, 23.478702117226852], [120.39365663894326, 23.482600093537435], [120.39470769206534, 23.49065914924756], [120.38976057914034, 23.49134409187019], [120.38944255251171, 23.498731863276497], [120.40037401986999, 23.498797037220957], [120.4088169658836, 23.506570493661165], [120.41114421951667, 23.498763655716203]]]}}, {"type": "Feature", "properties": {"COUNTYNAME": "新竹縣", "name": "新竹縣"}, "geometry": {"type": "Polygon", "coordinates": [[[120.93359173601058, 24.861840197693198], [120.98143039090763, 24.939624641573964], [120.99270340106742, 24.93507905965734], [121.0071024641934, 24.946229219525073], [121.0193324296938, 24.940411175807256], [121.03834367130396, 24.946303652633983], [121.0583551258982, 24.936684450278168], [121.05794356321077, 24.905454572772083], [121.09117622870869, 24.893387086009163], [121.1090627501467, 24.89774308252745], [121.10778227432645, 24.886056073731396], [121.11632596541243, 24.881684473933785], [121.13559156999206, 24.877993948041095], [121.13904949851643, 24.882430465354382], [121.15571048441232, 24.880653611368874], [121.16138904673781, 24.859493052375743], [121.14996471226108, 24.844325288907733], [121.17620056817577, 24.83209860852994], [121.17367503419493, 24.827668269181494], [121.19881104013386, 24.81494454169994], [121.20330013598061, 24.817313021020258], [121.2046910162727, 24.80724633338456], [121.21956313068324, 24.81180969270632], [121.22163199864558, 24.799342289210497], [121.24348736492273, 24.80866204578784], [121.24775469744245, 24.796680704794476], [121.26049090573802, 24.792932210867054], [121.26001585706226, 24.78195641539203], [121.30160160669453, 24.762888588170014], [121.30770284443898, 24.75502582221948], [121.29817323502019, 24.732561306414997], [121.30760953207977, 24.71996065215399], [121.29963337101631, 24.695339069282916], [121.32392546465238, 24.69504002766734], [121.33872787310301, 24.679594480615737], [121.33920308212417, 24.666521414258472], [121.35350923245709, 24.66772111736034], [121.35241301221527, 24.64354906910896], [121.35785574490433, 24.633695485457974], [121.36641088584655, 24.631688849038778], [121.35880905040844, 24.617082827811693], [121.36335924892019, 24.60307548350272], [121.38716108317627, 24.586557598397846], [121.40302476368747, 24.59172537713487], [121.41232951565638, 24.573439952765096], [121.39473511011538, 24.555836120968166], [121.4014158256162, 24.528835754750673], [121.39055154043933, 24.52293216863451], [121.38347715121596, 24.51012198744986], [121.37341744273736, 24.509932765022324], [121.3712413360154, 24.49830823627355], [121.3575609948896, 24.486429163185186], [121.34272419166541, 24.482111075996585], [121.3125781777657, 24.43729735000615], [121.3046937892466, 24.432836778020697], [121.25946177429763, 24.42912124106754], [121.26260369556489, 24.455323912752437], [121.25800459792782, 24.46336322861622], [121.24440982715645, 24.469945585137538], [121.23454797564494, 24.48790243324985], [121.2186474024603, 24.498296478231882], [121.22360745443478, 24.506383782874188], [121.21605532764411, 24.515464529607232], [121.16926604776434, 24.50259672846943], [121.15063733978208, 24.506056551742063], [121.14502260134333, 24.511922085582377], [121.13685212905243, 24.5066589076259], [121.11678963923949, 24.50836888211156], [121.09823651699308, 24.49645914713164], [121.08519291879138, 24.501304534641765], [121.0718607270003, 24.498365763700985], [121.06699504582821, 24.522814591624545], [121.0782372591446, 24.52877948321568], [121.0805186759485, 24.540895396796635], [121.0565754191504, 24.559312116956303], [121.06271599773694, 24.557458660738163], [121.07056809472519, 24.563358126798253], [121.07529304363203, 24.580906311881538], [121.08308550458737, 24.589983377785906], [121.07518019762306, 24.611867193329225], [121.06236255330278, 24.621816622547975], [121.05159394534361, 24.61513674061763], [121.04342743792193, 24.62710525656155], [121.02612888939755, 24.63568012305716], [121.02541630185019, 24.64119051510629], [121.0081927806907, 24.644386256646207], [121.01028422687536, 24.65621032314844], [120.997233149419, 24.654593826449155], [120.9906433208854, 24.66478282505468], [120.98670448448901, 24.6638185334717], [120.97700660644817, 24.673631702878474], [120.97544829060689, 24.684610557628826], [120.96444183866328, 24.683576664934222], [120.97399628333568, 24.696932704757423], [120.97381201906953, 24.711873069305906], [120.9632374464296, 24.71141035859353], [120.95326440244557, 24.70403064742936], [120.94985349889869, 24.711144631056342], [120.94217903734625, 24.707318057722432], [120.93546081897493, 24.71251611055893], [120.94416100341994, 24.74428137740302], [120.95767236219356, 24.7454190649122], [120.96982124948117, 24.765152318827187], [120.97949742792044, 24.763307836986723], [120.98835386703153, 24.76806468223658], [120.98322056255121, 24.77320819284982], [120.98581749130342, 24.776932943833557], [120.99307248432557, 24.78058546299651], [121.00977759401867, 24.773742145438597], [121.02062216982951, 24.756606902274566], [121.03355249036268, 24.763760057915505], [121.02063364212843, 24.793985519730352], [121.02061349428124, 24.79880229590874], [121.02571371626333, 24.799099451097156], [121.00820110926286, 24.81627169514353], [120.98301576022268, 24.83096251272202], [120.95530110388971, 24.834342162161477], [120.93364814494589, 24.852763991399165], [120.93359173601058, 24.861840197693198]]]}}, {"type": "Feature", "properties": {"COUNTYNAME": "新北市", "name": "新北市"}, "geometry": {"type": "MultiPolygon", "coordinates": [[[[121.53884741542066, 25.301073464201387], [121.53896510171431, 25.301046916831087], [121.53889578738959, 25.300966200152004], [121.53884741542066, 25.301073464201387]]], [[[121.53726730046789, 25.300460249795595], [121.5375903543892, 25.30074375397804], [121.53727286315177, 25.300418440016035], [121.53726730046789, 25.300460249795595]]], [[[121.53848000446631, 25.300505452404053], [121.53850362286454, 25.300649015903936], [121.53854047904662, 25.30053656693883], [121.53848000446631, 25.300505452404053]]], [[[121.5377209074892, 25.300377644613413], [121.53783538612579, 25.300275357888882], [121.53769773847272, 25.30033593957728], [121.5377209074892, 25.300377644613413]]], [[[121.53637202891336, 25.300165484110032], [121.53645842769625, 25.300046653366422], [121.53612534236966, 25.299809251771034], [121.53637202891336, 25.300165484110032]]], [[[121.53858215981398, 25.299578090703072], [121.53891884993264, 25.299943911499486], [121.53883089859359, 25.299483473942267], [121.53858215981398, 25.299578090703072]]], [[[121.5398861430496, 25.29842964987056], [121.54030298871083, 25.298397591461384], [121.54032445092383, 25.298334634468212], [121.5398861430496, 25.29842964987056]]], [[[121.51122661464052, 25.291441700994582], [121.51135648830464, 25.29140023755907], [121.51134288291634, 25.291320668573462], [121.51122661464052, 25.291441700994582]]], [[[121.51036275138974, 25.291131057538696], [121.5104504643645, 25.291162116621514], [121.5104448244512, 25.291082519979646], [121.51036275138974, 25.291131057538696]]], [[[121.51219882542556, 25.291008885189775], [121.5123528353513, 25.29102765179042], [121.51229412555976, 25.290950649968178], [121.51219882542556, 25.291008885189775]]], [[[121.50958484153838, 25.29102517853479], [121.5096296751324, 25.290957468627106], [121.50956858501068, 25.290945609497392], [121.50958484153838, 25.29102517853479]]], [[[121.50867107274549, 25.290830497055207], [121.50893325533887, 25.290696893112116], [121.50864153735384, 25.29074856327121], [121.50867107274549, 25.290830497055207]]], [[[121.50871068763843, 25.290147578820147], [121.50886990996163, 25.29014461924215], [121.50885908243576, 25.29009399256977], [121.50871068763843, 25.290147578820147]]], [[[121.7020188441414, 25.21711383401265], [121.70209317327789, 25.217058511439472], [121.70204215110128, 25.21704581708926], [121.7020188441414, 25.21711383401265]]], [[[121.70297714426505, 25.216692787798202], [121.70363472436202, 25.216536549772943], [121.70284415346549, 25.21615888199775], [121.70297714426505, 25.216692787798202]]], [[[121.70143342356356, 25.21525232372749], [121.70249206152037, 25.215521278148977], [121.7016735037485, 25.21488856028968], [121.70143342356356, 25.21525232372749]]], [[[121.70092014519403, 25.215340710840476], [121.70112098986145, 25.21535050138239], [121.70085618596153, 25.2149891328752], [121.70092014519403, 25.215340710840476]]], [[[121.69799039393719, 25.21520630190642], [121.69839052440014, 25.215413087218252], [121.69717170830978, 25.214415637837234], [121.69799039393719, 25.21520630190642]]], [[[121.69599899229682, 25.21254677921998], [121.69628862110874, 25.212447762873808], [121.69625639172887, 25.21235451410993], [121.69599899229682, 25.21254677921998]]], [[[121.69540147033483, 25.21213778348384], [121.69565220161424, 25.212227115638164], [121.69538011920642, 25.212094009296706], [121.69540147033483, 25.21213778348384]]], [[[121.69809111535152, 25.205387763743797], [121.6994386101427, 25.205949003960587], [121.69810857392976, 25.20532271797534], [121.69809111535152, 25.205387763743797]]], [[[121.69696493091158, 25.204303242443668], [121.69715355973254, 25.204148169125805], [121.6969991224381, 25.20408442123939], [121.69696493091158, 25.204303242443668]]], [[[121.69530226131441, 25.20328637034635], [121.6957290321843, 25.202855556069483], [121.69522360161734, 25.20285610941312], [121.69530226131441, 25.20328637034635]]], [[[121.6782985400752, 25.202710539658085], [121.67869938858132, 25.20267998336861], [121.67871468252076, 25.202590854627356], [121.6782985400752, 25.202710539658085]]], [[[121.69470289714309, 25.20217428302198], [121.6949855727863, 25.202364360400438], [121.69470407935007, 25.20213553956193], [121.69470289714309, 25.20217428302198]]], [[[121.69296431783324, 25.199860619986634], [121.69357150896963, 25.19995367521383], [121.69249384775914, 25.19941511204318], [121.69296431783324, 25.199860619986634]]], [[[121.41206362082455, 25.188793761355157], [121.41257747351814, 25.188630303739682], [121.41202108545652, 25.188752739206496], [121.41206362082455, 25.188793761355157]]], [[[121.83942831235818, 25.128714903900363], [121.83957060003378, 25.128671252885724], [121.83943288417022, 25.12865560276721], [121.83942831235818, 25.128714903900363]]], [[[121.91721450524317, 25.127789094845657], [121.91384879814065, 25.127089872576544], [121.91760667609384, 25.128289949278805], [121.91721450524317, 25.127789094845657]]], [[[121.84453899500323, 25.127829239313925], [121.84555600723259, 25.127685805627785], [121.84563644103548, 25.127290786651177], [121.84453899500323, 25.127829239313925]]], [[[121.86173020069658, 25.126269480954058], [121.86201953828918, 25.12615734604059], [121.86185398167639, 25.125867765492696], [121.86173020069658, 25.126269480954058]]], [[[121.87412724730093, 25.126069196604124], [121.87433118480776, 25.12592603538999], [121.87417249851326, 25.125853956590564], [121.87412724730093, 25.126069196604124]]], [[[121.87491978237493, 25.12536482169278], [121.87504023771693, 25.12538640863165], [121.87492827573638, 25.125305948022678], [121.87491978237493, 25.12536482169278]]], [[[121.87859513878131, 25.124871923218205], [121.87870913778866, 25.12496711995369], [121.87869075343407, 25.12485320199855], [121.87859513878131, 25.124871923218205]]], [[[121.85989271586352, 25.124605772716546], [121.86009748239377, 25.12485437762585], [121.8599665089475, 25.12456537949791], [121.85989271586352, 25.124605772716546]]], [[[121.87542669695635, 25.124675996268678], [121.87554765191287, 25.12462112551741], [121.875480615263, 25.12456304101996], [121.87542669695635, 25.124675996268678]]], [[[121.9190661096624, 25.096551146879637], [121.91923567631869, 25.096538513863205], [121.91927090522071, 25.096144307643172], [121.9190661096624, 25.096551146879637]]], [[[121.91898027083974, 25.095848678862613], [121.9192352996636, 25.095920492406773], [121.91927277903395, 25.095827556573237], [121.91898027083974, 25.095848678862613]]], [[[121.91841207519025, 25.095303712892633], [121.91868257008089, 25.095174578406215], [121.91861845939171, 25.095109300233], [121.91841207519025, 25.095303712892633]]], [[[121.91634377269376, 25.092180684962543], [121.91667107381137, 25.091630015054065], [121.9163374812082, 25.091700694131312], [121.91634377269376, 25.092180684962543]]], [[[121.91599177463158, 25.091464159256525], [121.91613884011343, 25.091418501711615], [121.91599781430466, 25.09139551275606], [121.91599177463158, 25.091464159256525]]], [[[121.92973494326034, 25.064790146242288], [121.9304625406907, 25.064586729654863], [121.92971217983991, 25.064712372116343], [121.92973494326034, 25.064790146242288]]], [[[121.93141094219762, 25.05639257950735], [121.9315279169214, 25.056391845818364], [121.93152747136848, 25.05633290778034], [121.93141094219762, 25.05639257950735]]], [[[121.9321369388472, 25.055961770928196], [121.93223424197863, 25.055992901002853], [121.9322438219152, 25.055881738894744], [121.9321369388472, 25.055961770928196]]], [[[121.98335602121138, 25.024330808090983], [121.98356956688933, 25.024689565109526], [121.98372544043107, 25.0243623522575], [121.98335602121138, 25.024330808090983]]], [[[121.98413501139184, 25.023204293631956], [121.98437706339469, 25.02299334336649], [121.9841210375455, 25.023148894143475], [121.98413501139184, 25.023204293631956]]], [[[121.96324533387445, 25.022695720764617], [121.96342460863333, 25.022653104566434], [121.96324446527619, 25.02258443500139], [121.96324533387445, 25.022695720764617]]], [[[122.00414658377166, 25.015485378312885], [122.00415772726807, 25.01524335790682], [122.00400756546459, 25.01531904718363], [122.00414658377166, 25.015485378312885]]], [[[122.00663711513542, 25.010887658402478], [122.00708393844027, 25.011255905604195], [122.00664279849006, 25.010710464895872], [122.00663711513542, 25.010887658402478]]], [[[122.00602057465616, 25.009339945499942], [122.00619213179277, 25.009173130725756], [122.00601141533754, 25.009168286909212], [122.00602057465616, 25.009339945499942]]], [[[121.99249519899091, 24.998067182524668], [121.99285919056642, 24.998150451708028], [121.99249731552153, 24.99797626139532], [121.99249519899091, 24.998067182524668]]], [[[121.99128237289123, 24.997808957824653], [121.99145297799633, 24.997699283115818], [121.99126259551288, 24.99771900408325], [121.99128237289123, 24.997808957824653]]], [[[121.98601355673918, 24.994117945591604], [121.9861337756679, 24.99417782277946], [121.98612351785167, 24.994084266319277], [121.98601355673918, 24.994117945591604]]], [[[121.98510253567252, 24.992663191369896], [121.98569587687058, 24.99306909325027], [121.98509288349776, 24.9925532909632], [121.98510253567252, 24.992663191369896]]], [[[121.98410028850412, 24.990958014649586], [121.98473270405873, 24.990275628216715], [121.98468766116224, 24.989959439118408], [121.98410028850412, 24.990958014649586]]], [[[121.96705149053264, 24.98158365057696], [121.96724862837425, 24.98157250237709], [121.96713990928697, 24.981489496225763], [121.96705149053264, 24.98158365057696]]], [[[121.79344375564224, 24.89973166049105], [121.78166625110197, 24.88947782925597], [121.78522514301187, 24.874298180300535], [121.77545341249905, 24.865109470746052], [121.76830271973361, 24.865693345631186], [121.76101340928614, 24.856707140536916], [121.74570705656853, 24.852825943330927], [121.73051608630014, 24.85529903308575], [121.71428047932854, 24.841787042711132], [121.69642863059039, 24.83464635380381], [121.68764237605737, 24.8248954618351], [121.68849007791842, 24.81624419459081], [121.67426154978568, 24.814110514618598], [121.66900436827912, 24.817996179068956], [121.66069378952342, 24.810830413070708], [121.64737171665517, 24.813933711913556], [121.64488968066098, 24.80924259985265], [121.62579692490516, 24.808781676551305], [121.62542825436061, 24.79505966806165], [121.59219189161493, 24.787804164101658], [121.59757785221315, 24.77220848769242], [121.58896594782966, 24.75511953952685], [121.59608249477228, 24.748317813574673], [121.59164652399724, 24.744683378079515], [121.59739914957872, 24.72752879239713], [121.58701412505485, 24.720073409912196], [121.57821157405533, 24.722287819996605], [121.57467176981116, 24.710074278535252], [121.57036289407763, 24.71395025112227], [121.54325365243525, 24.705662329491435], [121.53785601394723, 24.699887384485603], [121.53678885114695, 24.688424541136648], [121.51181191310955, 24.68435146577054], [121.49308395644034, 24.673240867835762], [121.47984561768031, 24.673776169849788], [121.47419573135907, 24.69605478747557], [121.45021162273133, 24.70569561134232], [121.44099609446964, 24.72601972826329], [121.43418424277677, 24.73013884219443], [121.42330173565199, 24.761899222754185], [121.44952080015618, 24.786035894308966], [121.45037055762751, 24.79092469615478], [121.43760857068065, 24.79628510888342], [121.43655909076487, 24.812038997862874], [121.42365321393693, 24.825387089031892], [121.41706293479531, 24.825326535805853], [121.41553177574127, 24.835671081179505], [121.40296711918333, 24.843468161888808], [121.3880785066116, 24.842387966940464], [121.37356102564951, 24.833273808153017], [121.35480620419723, 24.84398245767403], [121.33608201614777, 24.843835409328992], [121.33720727766152, 24.848395040285315], [121.35803187427665, 24.853220476542152], [121.34504640124126, 24.866940952594003], [121.3543673636316, 24.87364584677194], [121.34566201967517, 24.879968211246084], [121.34216559707397, 24.892548741222075], [121.33367795489508, 24.89151101321103], [121.33330439069363, 24.899382852014533], [121.3270158660421, 24.89591609827273], [121.32031930341168, 24.900207817050113], [121.326211865909, 24.90915638996303], [121.3175556783441, 24.916347789237534], [121.33977551603363, 24.928497397503012], [121.32203957192297, 24.92802826136071], [121.31577677739695, 24.93847666322876], [121.33160476011294, 24.94563861562157], [121.32797949293474, 24.94913622354893], [121.32822007483117, 24.972110376207926], [121.32354623954771, 24.972750377088847], [121.32747032110012, 24.97847477880933], [121.34269519575724, 24.982313332580944], [121.36933311727162, 24.976898073164232], [121.38538018004009, 24.985933626355198], [121.38413658588112, 24.995681920869103], [121.39401741259691, 24.993396852077982], [121.40294762153161, 24.998994723310986], [121.3911760965165, 25.01208065145386], [121.41215482838442, 25.01910417428439], [121.39827769542926, 25.030086634791946], [121.4010775329305, 25.037719498832445], [121.3906620796172, 25.041867029488987], [121.40067399266935, 25.043230329863096], [121.40306690676223, 25.045643744908315], [121.3939083232907, 25.049088232997956], [121.40068754424563, 25.05136311497609], [121.39258080467775, 25.055060233591774], [121.38447881195813, 25.05250839484427], [121.39091238142062, 25.060822787218072], [121.38830147032138, 25.063060318407892], [121.35489704363602, 25.065134458820786], [121.34645944902361, 25.070285262544598], [121.35344627299301, 25.073313909352297], [121.34989316749487, 25.076629223726503], [121.34794187894558, 25.07379425717897], [121.34052436210497, 25.074091349932285], [121.34797819072655, 25.078780527586765], [121.34246223097837, 25.080093578062005], [121.34926026579467, 25.082389238252162], [121.30273043116131, 25.096809284783436], [121.2983307652441, 25.10447842944577], [121.29162012146045, 25.102645485922228], [121.28272535565962, 25.10967316387133], [121.28355815173758, 25.117278089832098], [121.29433845612651, 25.11961386304613], [121.29665792989877, 25.12615298213387], [121.33309982802929, 25.124490739078997], [121.38648890986553, 25.14536347235812], [121.38787198154972, 25.15199706793103], [121.39009234646956, 25.14776632737518], [121.39572265283805, 25.150903567958924], [121.39388713255748, 25.154233359735272], [121.39452157947116, 25.157989364218015], [121.39594031421194, 25.15199066885123], [121.40195645770969, 25.158469487188274], [121.39559289956176, 25.159782185476296], [121.39782969615429, 25.16208693947809], [121.39146660342692, 25.167859685494673], [121.4022028878576, 25.158762175409073], [121.40927931997912, 25.164512875621558], [121.40549532597412, 25.16799203034655], [121.4093486027062, 25.164562419522085], [121.41274232893412, 25.167967118448363], [121.40544140563728, 25.18195554377121], [121.41302233987714, 25.181936384560046], [121.41353848206344, 25.18367713217087], [121.40501127317712, 25.18354810798272], [121.41990529937445, 25.19223049170593], [121.42475184515801, 25.20461165965251], [121.44033225628871, 25.220404738237605], [121.4476106245014, 25.245993115289533], [121.45375046510156, 25.251341557411397], [121.46704261124522, 25.249984079861516], [121.47498202032803, 25.255547077958052], [121.47914821242566, 25.26801499811078], [121.51049215910015, 25.28375580632529], [121.50907077462759, 25.290580609979095], [121.51398448566994, 25.2850097411462], [121.52741879550624, 25.285777086715083], [121.53465970760935, 25.290661856574346], [121.5326811059336, 25.295158076307025], [121.53713383136828, 25.300289903618072], [121.54751624001113, 25.291787793760562], [121.56602825301644, 25.291502681853157], [121.56811314877837, 25.29775557617708], [121.57688752958256, 25.298367703039816], [121.59796616494722, 25.291468160374087], [121.5948216423991, 25.29070453523966], [121.63078529497267, 25.265210814760323], [121.63415923915713, 25.23953920585554], [121.6489715600959, 25.230205201309722], [121.64592102412941, 25.22777220405095], [121.64955167492785, 25.229818910695318], [121.64692581377714, 25.233028585012455], [121.65174877494636, 25.233300493186576], [121.64951024775512, 25.223596555100784], [121.66200165405671, 25.207871090853832], [121.67185543894348, 25.202285657519045], [121.67779707024765, 25.20568632895175], [121.67823461490205, 25.20163083639995], [121.68624850854997, 25.208384552502938], [121.68640896674064, 25.20325863768761], [121.70196071443095, 25.216998754314876], [121.68525576663293, 25.19071547038232], [121.69258013342899, 25.180157290893195], [121.69663949396758, 25.18279645281246], [121.70891603302772, 25.175503204400044], [121.6775885142469, 25.15573046577651], [121.62680686886632, 25.139786915338746], [121.63313677846686, 25.130993863539135], [121.64316971475313, 25.127652881916188], [121.65220539244137, 25.10473468220529], [121.6489343300224, 25.10172252344493], [121.6581991238427, 25.091678805890986], [121.67404204974311, 25.0829317969025], [121.68115898612285, 25.088070011557182], [121.6790927271899, 25.07878719317838], [121.68837773456842, 25.071767634865488], [121.71236001514211, 25.068024001627258], [121.73009142625958, 25.053349232705756], [121.74325547013986, 25.05249155887467], [121.75692933505124, 25.059340927094436], [121.76401288354862, 25.057453719570383], [121.77571073298431, 25.070022252684346], [121.76937302507345, 25.07791676730204], [121.76117446025793, 25.07897238099752], [121.75990022715399, 25.100611151614327], [121.75592907684003, 25.108508435014894], [121.75002640338222, 25.10974381117797], [121.76690807704662, 25.112529966350234], [121.77363690697436, 25.120269638316266], [121.79476305976806, 25.112602564996003], [121.79886614176812, 25.11914387015372], [121.79459847456957, 25.12639049928063], [121.80238568987592, 25.121763458844434], [121.80501656569548, 25.12538239349825], [121.80319179437772, 25.135757952754368], [121.810675575769, 25.13272292710881], [121.82665590010146, 25.135996379539172], [121.8182562999869, 25.128590515929172], [121.82167636117717, 25.12109935815619], [121.82817897623988, 25.12167732890566], [121.82888019127093, 25.12767210229523], [121.84178400106813, 25.128870656086274], [121.8428924934649, 25.127539826409386], [121.8578769380375, 25.12435824489334], [121.86038951996773, 25.124280487795463], [121.86241314604617, 25.126354646763094], [121.86628786769806, 25.12212122194734], [121.87432754990698, 25.125515808714926], [121.87691733575339, 25.12301626192372], [121.8983926397067, 25.119467143808905], [121.90465103151303, 25.123627416500224], [121.91628080772989, 25.122468851726875], [121.91583685970348, 25.12680016783888], [121.92392594647806, 25.129868960592944], [121.92340273220302, 25.123399965371465], [121.9126763687372, 25.113639443957247], [121.92201345455601, 25.113489609858362], [121.92414441356411, 25.10368598013013], [121.91978095156959, 25.10281226958582], [121.91298546703348, 25.08836473361047], [121.9156262144736, 25.075879072548794], [121.91921984684926, 25.075818574152354], [121.92567402709089, 25.066687624984716], [121.93169092233357, 25.063217132556932], [121.92547660213243, 25.05785033692464], [121.93134267362574, 25.05623619019114], [121.92750021110538, 25.04020075928798], [121.93215145168455, 25.032683004933983], [121.94734333260384, 25.019909166205252], [121.9499609810371, 25.022387010651688], [121.96228417242575, 25.021815189401096], [121.97661346548941, 25.026169684438493], [121.98886587700788, 25.020602013916807], [121.98975082283216, 25.02108846581894], [121.99061209590528, 25.012102164246645], [121.99778428566222, 25.020152544186338], [122.00191777739447, 25.013875216427675], [122.00551119985145, 25.01477450524791], [122.00469053873744, 25.002781601140256], [121.9959631947715, 25.001790317276264], [121.96678951489245, 24.982456260494395], [121.96105929105023, 24.988302557177267], [121.94459147299472, 24.98816826883777], [121.9335207689314, 24.980909127819874], [121.90283621821334, 24.974398899057686], [121.88851857443443, 24.96317278281643], [121.84691766584696, 24.960296658836818], [121.83903392233431, 24.944686858042694], [121.85362703138354, 24.925162221805994], [121.83172163896806, 24.90488172458996], [121.8183078409766, 24.902718879886805], [121.81161753112858, 24.90652182757876], [121.79344375564224, 24.89973166049105]], [[121.5273774747525, 24.987002876896725], [121.53526582786752, 24.995115123786867], [121.54497288044757, 24.983697252935293], [121.55260293973532, 24.986706984527302], [121.56124211221821, 24.96468310976385], [121.57859547992301, 24.966607009087625], [121.60145329892157, 24.96093725812771], [121.62000241683319, 24.969360698431494], [121.59950806678548, 24.978127199357523], [121.60195184092245, 24.990323128494268], [121.59588820202819, 25.00459617562302], [121.5973865892381, 25.014658611547997], [121.60920339645288, 25.020936862090775], [121.62326524565485, 25.017255696591082], [121.63241944019487, 25.02560830673323], [121.64631635422892, 25.02169553447922], [121.66536595407557, 25.025957727779666], [121.665903271865, 25.029927621673988], [121.66127836572217, 25.030499247004787], [121.64661672520768, 25.028043047434913], [121.61909826689865, 25.04345860874424], [121.61630542080974, 25.05062749198119], [121.62423549015237, 25.05574700250688], [121.61613959197292, 25.06391764052515], [121.62795408039014, 25.083228768696426], [121.62622594793704, 25.096044721173907], [121.59749514786878, 25.109509491909726], [121.59560806343937, 25.114126068817846], [121.60784391128328, 25.13019762566689], [121.60568145068703, 25.13674501409589], [121.58935604745064, 25.152418028963346], [121.58985734905151, 25.163725993268002], [121.5770407017002, 25.166990708483887], [121.58349366624218, 25.17686702339228], [121.58374128576618, 25.19458142632804], [121.57171997955858, 25.195400439302777], [121.55983891565818, 25.21016578977329], [121.54110268608773, 25.18739050661458], [121.52171405874785, 25.179134290808804], [121.51989589280808, 25.169245741855494], [121.50257211567298, 25.173248906980703], [121.48744087893884, 25.151410056039296], [121.46570181720655, 25.131692485145134], [121.46482374114116, 25.124247013055847], [121.45878480958676, 25.122957690881346], [121.46013572568978, 25.104790940289547], [121.48872683186721, 25.097147227818013], [121.50607386499532, 25.07472028658913], [121.50321944569885, 25.048327876249974], [121.48629372847739, 25.03274166100242], [121.4885250281122, 25.014695872412037], [121.49529727802913, 25.00931601130683], [121.50936996532423, 25.02143789616158], [121.51978013244221, 25.01921677977266], [121.53248714634468, 25.007017424623452], [121.5273774747525, 24.987002876896725]]]]}}, {"type": "Feature", "properties": {"COUNTYNAME": "花蓮縣", "name": "花蓮縣"}, "geometry": {"type": "MultiPolygon", "coordinates": [[[[121.50623122201931, 23.507355113008114], [121.50671931150424, 23.507292014159344], [121.50632924846049, 23.50717024104646], [121.50623122201931, 23.507355113008114]]], [[[121.51187597085107, 23.492198490807137], [121.5133717689214, 23.491871545281608], [121.51191545722227, 23.491464056697712], [121.51187597085107, 23.492198490807137]]], [[[121.50926534307806, 23.492078647549114], [121.50934398738637, 23.491784096189065], [121.50909350445527, 23.491649212925033], [121.50926534307806, 23.492078647549114]]], [[[121.51567728286935, 23.481845871221605], [121.5146851164879, 23.482456467280237], [121.51657693362246, 23.483353202609912], [121.51567728286935, 23.481845871221605]]], [[[121.37784159263667, 23.300893157566225], [121.37789501792304, 23.269598486834653], [121.35936735266598, 23.25260189936027], [121.36086497502974, 23.24422105704233], [121.35260068437512, 23.231324403952307], [121.3571696680344, 23.223729005071025], [121.34644949523548, 23.21701607592953], [121.33497863684022, 23.177971627721185], [121.32329303053109, 23.178724837684513], [121.31731942273197, 23.16503618058931], [121.32718856476905, 23.152202716742952], [121.32035171946121, 23.13776862929816], [121.32188185403805, 23.116987641685142], [121.3158072808179, 23.10971703554842], [121.29151346467272, 23.109371214761], [121.27251330741787, 23.097792606032517], [121.26430735682445, 23.103919863467652], [121.2672911641921, 23.11396722519189], [121.25768116504874, 23.12606955465599], [121.24921837437424, 23.131523397626573], [121.23851129107274, 23.12872038747565], [121.23086389265325, 23.13928032355678], [121.21194738060586, 23.14421658113226], [121.21252379985181, 23.154809836520492], [121.19919571046191, 23.175178578141775], [121.19819736664464, 23.18845396503322], [121.18939786530562, 23.203779677834394], [121.17544813155338, 23.210094335780383], [121.14673781703407, 23.199156779535], [121.13934320907804, 23.201933306337835], [121.12927647048008, 23.223332175952418], [121.1065400112567, 23.223866004970148], [121.09291184503647, 23.233765069745825], [121.0783261271364, 23.233429722483006], [121.06243035156754, 23.26590317738983], [121.05621391974252, 23.290407300879227], [121.03889744078154, 23.30063270214304], [121.02834838927336, 23.297135686308785], [121.03212463517342, 23.303720606312428], [121.04607477969029, 23.30841961009823], [121.04879220084102, 23.325305727335913], [121.02683371169475, 23.33770758342399], [121.02004216111798, 23.35044621334684], [121.0102852881703, 23.345843772105027], [121.00088229754746, 23.356156893926695], [120.98711865523079, 23.358709772623204], [120.98680052382456, 23.366031142285284], [120.99991363448426, 23.382250493040523], [121.00772456985743, 23.38478118751528], [121.00112853960397, 23.391660207861577], [121.00342595779125, 23.395012803408836], [121.02830528499317, 23.403670315126366], [121.0248848433861, 23.41462474628303], [121.02941601157771, 23.422333666186155], [121.0129046918292, 23.43300317894875], [121.05174681665827, 23.45083412520189], [121.05820655240437, 23.46005169454725], [121.03912224606455, 23.47420396008855], [121.05348792619182, 23.487733308600717], [121.05408200679581, 23.495655054280316], [121.06226995569698, 23.499692759753977], [121.06844606359572, 23.51842329997699], [121.08803143470551, 23.514026844484953], [121.09738549085675, 23.521685682241895], [121.11763892427093, 23.521646493220523], [121.13529315913812, 23.514990496875235], [121.15111158358943, 23.527044701065012], [121.1469217903269, 23.534006409034852], [121.15115690733329, 23.544696333705154], [121.14617145423458, 23.554532512027404], [121.15178695510112, 23.560462239276724], [121.15706905310357, 23.55949980608739], [121.16045106336296, 23.56646521554864], [121.15213356036158, 23.57312421612534], [121.1534045088663, 23.586810351551236], [121.17816822979505, 23.582627763012077], [121.17963002100286, 23.589908800675104], [121.19413516126853, 23.600564830376054], [121.206456462383, 23.595790124243425], [121.21358282457642, 23.600622828457887], [121.22371233341211, 23.623278434895695], [121.22402920497156, 23.63869206146083], [121.23584587476553, 23.662664516484032], [121.23240648972478, 23.67702276090972], [121.24128755459277, 23.69842563348866], [121.23945741732506, 23.724115888831026], [121.22962782548892, 23.73005663186497], [121.23252747435264, 23.75056573918618], [121.20647696607234, 23.762637235827018], [121.2046343088964, 23.772348974716337], [121.23046588870672, 23.788071786655127], [121.22603378158377, 23.80224370303726], [121.23912615588, 23.82184334760739], [121.23936864599578, 23.84032441282146], [121.24888130694528, 23.85213162441988], [121.2530896340095, 23.867987663665424], [121.26526759493288, 23.87292450513365], [121.26316422453955, 23.880695833671144], [121.26847074281315, 23.883840409437315], [121.26656792117024, 23.898388209974264], [121.26113212215468, 23.902659519959474], [121.27606274233618, 23.909694814562474], [121.27173641303928, 23.948426382161273], [121.277876746113, 23.96583598422776], [121.27350814084126, 23.97524825358248], [121.26409786588887, 23.9761720890589], [121.26020951709773, 23.992490955211665], [121.2856977803956, 24.039721081267306], [121.2833234732967, 24.054457579328933], [121.29563468127336, 24.06383695664046], [121.29948055622947, 24.061831547468074], [121.32316230181189, 24.084920764400874], [121.31892934983708, 24.094907456951532], [121.32823765316353, 24.11212587175546], [121.2953865806951, 24.13260967791027], [121.28134588009148, 24.135633954122046], [121.28467955529148, 24.152180042719827], [121.28034971457397, 24.157779863820004], [121.28838060578907, 24.158090123679376], [121.28616624970815, 24.177316211204236], [121.30736306968357, 24.180471035742592], [121.32520122146201, 24.195929587082627], [121.34916256637506, 24.2003135745317], [121.3426922836257, 24.224079905348123], [121.35191045798362, 24.235001982602164], [121.3521607802049, 24.244283401989133], [121.36059679176056, 24.24459555787214], [121.36663035973487, 24.25269375169918], [121.38463291732309, 24.255516144997085], [121.38005364032513, 24.280296903265693], [121.39020879823848, 24.290262217265077], [121.39586859185917, 24.28916187512456], [121.40279254203787, 24.29740795469237], [121.40447691939963, 24.308782879685374], [121.42145714610983, 24.308235757686006], [121.43374245435854, 24.322289602390804], [121.43473137560542, 24.348149249511714], [121.44070147557348, 24.35932866404342], [121.45099901378815, 24.365395636699976], [121.49816399590247, 24.3392536032022], [121.52241301870716, 24.34299660333426], [121.53313522168459, 24.337063339520594], [121.54522813138213, 24.337709238621915], [121.5665088876032, 24.319185496785984], [121.58944178011876, 24.31379414642109], [121.5970445407157, 24.31631081307127], [121.60576263895766, 24.309448196697534], [121.59570696062164, 24.331588536318396], [121.60422132794068, 24.32903360530815], [121.60782281135386, 24.335425300368225], [121.61750616420233, 24.33360535706857], [121.61882380053844, 24.345411933634253], [121.6227660201702, 24.339463795002732], [121.62744671520194, 24.34107880756512], [121.6286113498384, 24.333697361376615], [121.63271274669704, 24.334689629923005], [121.63129582511506, 24.34398619699998], [121.63545577033743, 24.347582533916405], [121.62684254960817, 24.349536993492165], [121.62037611846488, 24.363217479545135], [121.63112750778961, 24.370517928530234], [121.63063204701747, 24.366380376819002], [121.64861368756415, 24.34959225667727], [121.65061804535259, 24.359833503937548], [121.65347452068772, 24.35221448462047], [121.66326025863228, 24.352826590768732], [121.67484253783806, 24.337753619189865], [121.685429951506, 24.340739748382788], [121.68859479760025, 24.333585819352884], [121.74458058448344, 24.32287901879288], [121.75959359648802, 24.314060069422204], [121.77355335196829, 24.314521968144152], [121.77324909773807, 24.311137697826858], [121.7500416675719, 24.283500913597436], [121.74307750263482, 24.259638826502442], [121.72830004516052, 24.24576140719297], [121.7167762680164, 24.242681141800205], [121.70576303833592, 24.225713815287218], [121.67462517671478, 24.208197338932656], [121.6647312816769, 24.196819692804027], [121.65851904611624, 24.171945501002433], [121.66651293131494, 24.148488237071327], [121.66378791692196, 24.137617726243494], [121.65758531871685, 24.138348993769284], [121.66313094017886, 24.13469297817097], [121.65312248640069, 24.120423373770343], [121.62821284003847, 24.102799506241382], [121.61819636629811, 24.085777580272904], [121.6156028853102, 24.06861883148224], [121.61957851150538, 24.05087731049789], [121.6471917929323, 24.008426723084284], [121.64025574254879, 23.99753288124496], [121.63462881094472, 23.97968890323015], [121.62800942733193, 23.969437214932277], [121.64105578183292, 24.00024386934178], [121.6380780031474, 24.00530739513027], [121.63448722519983, 23.988777546793376], [121.62192552364321, 23.980380364604194], [121.62560773902743, 23.973411848005913], [121.61973653674173, 23.978501839002153], [121.60624106878267, 23.957276959615704], [121.61131597677819, 23.933454774564904], [121.59801759514522, 23.86052877856646], [121.58746900040954, 23.828335725250778], [121.57303499243517, 23.80288639928288], [121.57288998005423, 23.76010243391572], [121.56001639793847, 23.72939943949786], [121.54916791628047, 23.715609695577708], [121.54924380234304, 23.703049057715063], [121.55344685539062, 23.699260526554767], [121.54114145286293, 23.660413884215167], [121.54291749664496, 23.654514248076122], [121.53582836499262, 23.64906236362033], [121.5309285496643, 23.630292909402286], [121.52608261376793, 23.577783821709893], [121.5111504124843, 23.553161827499554], [121.50249843664017, 23.519720385469324], [121.50492454543806, 23.494254040977125], [121.50649541825356, 23.4915934668323], [121.5067449700058, 23.4951621316713], [121.50804759692363, 23.491348994833967], [121.51327254119914, 23.491474266561323], [121.51369226183539, 23.483313070852184], [121.50222730586206, 23.46531774007495], [121.49581945388192, 23.43467538371576], [121.48258161360526, 23.43011620231219], [121.47329232318215, 23.44056557202106], [121.46329569994047, 23.43874703349287], [121.44694231083405, 23.443741610581338], [121.44013320019812, 23.43320022593627], [121.43325956526893, 23.432783984944656], [121.42024008001691, 23.42061993109527], [121.40001621186434, 23.38536505277769], [121.40428269422324, 23.367326912362373], [121.42268913980662, 23.360062902961598], [121.42220202341291, 23.355228423880245], [121.40974564958556, 23.345867975228593], [121.39990512640271, 23.323200474913605], [121.39020083886675, 23.320585261276943], [121.38788402911611, 23.310671284605114], [121.37784159263667, 23.300893157566225]]]]}}, {"type": "Feature", "properties": {"COUNTYNAME": "高雄市", "name": "高雄市"}, "geometry": {"type": "Polygon", "coordinates": [[[120.45430967655587, 22.77177338953383], [120.4557699482751, 22.71856411629493], [120.44873276871914, 22.690892398699102], [120.43958724793636, 22.678351073865493], [120.43348267823959, 22.623252149376135], [120.43666208375613, 22.608835639305052], [120.4459403849166, 22.598222279699534], [120.44437978977966, 22.569894701366096], [120.42285066952219, 22.51842453890958], [120.4240574512121, 22.47702838409176], [120.39966345722866, 22.477087817979584], [120.3976556566772, 22.480872127723895], [120.39672341048522, 22.47754505619104], [120.39666428510859, 22.48195707686988], [120.38019669577884, 22.493311036955383], [120.38197595057326, 22.49502675746949], [120.38232581092359, 22.498072281530597], [120.37830035887534, 22.494389747263305], [120.34495135557775, 22.52005639378987], [120.33957885502916, 22.51789410745112], [120.33465177162586, 22.522021502082243], [120.33806140888223, 22.525228213858696], [120.33496482091066, 22.529532517143878], [120.32959078487261, 22.526274693281028], [120.32537598504163, 22.52938633811249], [120.33332510482902, 22.532761038557535], [120.33192600889383, 22.534430834681075], [120.32504531268742, 22.529746717564258], [120.3317403292203, 22.53512080455103], [120.31461371214225, 22.547222973230287], [120.31116257724521, 22.54593933390943], [120.30683256480953, 22.54513951741408], [120.3015380193558, 22.545832386816066], [120.29856655255298, 22.547426997570522], [120.30964470132804, 22.54574316254063], [120.31695231101065, 22.551059989041647], [120.30822255692554, 22.558159454229514], [120.30066958457674, 22.551035168475437], [120.3069972862532, 22.557359398411652], [120.30341143077615, 22.56446505565487], [120.25515979069621, 22.61892432971076], [120.2634667042924, 22.626277616126437], [120.25149104207544, 22.64527533081007], [120.25031777546245, 22.656648999409153], [120.2643338665887, 22.6777763203569], [120.26348766585261, 22.68891702748522], [120.25451204890729, 22.69135920338911], [120.25362329769976, 22.692691780666873], [120.25348464257507, 22.69439798776943], [120.26461691011565, 22.69011416330323], [120.27008211312864, 22.68003321516532], [120.27454277233358, 22.683828353115786], [120.27123582695772, 22.700900408113487], [120.27471471693985, 22.706795291255396], [120.26463697301341, 22.708555807449244], [120.26336239232764, 22.696972222789448], [120.2602776229038, 22.69498008618303], [120.25643372307118, 22.695838614975912], [120.26210262158541, 22.698104322369634], [120.25924317564383, 22.714219053567486], [120.23125067998323, 22.76071645859908], [120.23496554599754, 22.760350334917007], [120.21401068679525, 22.805344127726343], [120.19789990275069, 22.805239498499795], [120.19332250108839, 22.807447111570546], [120.19016920290062, 22.81356528343802], [120.19353821186601, 22.807567773466335], [120.19798473237913, 22.805463335732558], [120.20352777245114, 22.806385009819863], [120.2035810404083, 22.806787144212972], [120.19946638884235, 22.806021641793464], [120.19845571264577, 22.806434316053583], [120.19729520142597, 22.809239330255764], [120.20351858284211, 22.80690206838137], [120.20258833080922, 22.812654501842342], [120.20874856965338, 22.81909697713638], [120.20016100208493, 22.844310815167884], [120.1897951584132, 22.841734686226403], [120.19808720783772, 22.844591890960388], [120.19649618990005, 22.844746415053873], [120.19423493912875, 22.847405856523874], [120.19849927750873, 22.846052448150182], [120.19622800823217, 22.85031470659553], [120.19292366003904, 22.84839709653253], [120.19417871366173, 22.859039231013252], [120.19314683575489, 22.858787927923167], [120.18968916884666, 22.860678002817842], [120.19496966430496, 22.862323334660054], [120.19018441188699, 22.863818701544012], [120.19160988433258, 22.86976112233588], [120.17503992092708, 22.911751354531273], [120.19204595865948, 22.92120219250129], [120.2176397870188, 22.909664876552004], [120.22952423928002, 22.916905989554795], [120.23280478780602, 22.905627430964945], [120.25399308971227, 22.894311009946755], [120.25875368963199, 22.895274665703546], [120.25892963564158, 22.90186978845511], [120.27949710320034, 22.89629276946445], [120.27793747029959, 22.904331739997787], [120.28445548976245, 22.904742775450547], [120.31428666571871, 22.899751033410546], [120.3196968089847, 22.894942736826387], [120.32491407568384, 22.90042836273158], [120.33220476889399, 22.88935100145497], [120.35179385866859, 22.88748315123996], [120.36106749498371, 22.897808420240153], [120.3594626615667, 22.901394239511873], [120.37248687957117, 22.90665177749884], [120.37117376340998, 22.912261327703398], [120.38158988333205, 22.921138335247626], [120.38680418071375, 22.918271035574225], [120.39858112879853, 22.922442715740917], [120.40869521427, 22.912343200636098], [120.41606523751945, 22.916020980864996], [120.4426294493019, 22.977352675104957], [120.45294200467312, 22.97770914702468], [120.45470969646743, 22.990627399393624], [120.46112709050782, 22.990771122276357], [120.46033771403366, 23.003386787637837], [120.47989100581343, 23.002681801185233], [120.48404441517987, 23.017026895253938], [120.5037385733636, 23.028646338081632], [120.52999109362614, 23.05575051777513], [120.55455462285924, 23.06890685682786], [120.57445524477932, 23.090826711597384], [120.60105762655536, 23.144119827159404], [120.64109491429065, 23.182949268923476], [120.63694583790722, 23.191322167084135], [120.65625279047502, 23.217846768509983], [120.64955317834598, 23.228338755165353], [120.64854091691993, 23.249121832029132], [120.63826031882864, 23.26930151312841], [120.64315803338954, 23.27603798716821], [120.64365710465052, 23.29601632258096], [120.6519683977136, 23.29115642805552], [120.6584157389988, 23.29592948127554], [120.69960068559713, 23.28445773439478], [120.70674116980324, 23.30463925638483], [120.71232721194772, 23.308695497986637], [120.73058439069268, 23.305597188000014], [120.73224099773824, 23.31373002646077], [120.75286457954464, 23.32697655399028], [120.75793547057245, 23.344179058007914], [120.78333424726303, 23.342214531445943], [120.79201612706191, 23.357296356404984], [120.80065686316675, 23.36068067345938], [120.80387884530498, 23.370406392654452], [120.82538594104014, 23.37164897481829], [120.83074295735152, 23.386297940588697], [120.84100407787551, 23.39493294710681], [120.83834133219496, 23.39798037540168], [120.8493842201633, 23.412076654953598], [120.84953300249437, 23.42013426287936], [120.88675370501547, 23.43484050722572], [120.90067960299957, 23.45420433409176], [120.92123851286009, 23.45914467160383], [120.92848896424664, 23.455475036592667], [120.93660657578263, 23.463730230123744], [120.96669040138035, 23.47167944784381], [121.0081240680715, 23.46236560444601], [121.01585442516865, 23.451427021565387], [121.01035717392924, 23.445880759912676], [121.012915078136, 23.43285183127131], [121.02941601157771, 23.422333666186155], [121.0248848433861, 23.41462474628303], [121.02839323457488, 23.40386210216915], [121.00321246497751, 23.39479613531066], [121.00112853960397, 23.391660207861577], [121.00772456985743, 23.38478118751528], [120.98801196935254, 23.37058265371072], [120.98703579745342, 23.35892415473653], [121.00273728969285, 23.355116208315284], [121.0102852881703, 23.345843772105027], [121.02004216111798, 23.35044621334684], [121.02683371169475, 23.33770758342399], [121.04879220084102, 23.325305727335913], [121.04804200719367, 23.31374694283819], [121.02386926195368, 23.293736487103256], [121.00997343026002, 23.29252574512172], [120.98662269048619, 23.280304874396638], [120.97213001895706, 23.2819307018915], [120.93774499137672, 23.244798429232144], [120.92620756651864, 23.2444571127402], [120.91579957663471, 23.238003954680874], [120.9115955611241, 23.20919423620772], [120.90588264632724, 23.199388066628046], [120.91110106677415, 23.182300931409973], [120.89853954216449, 23.17646603157472], [120.89497463492748, 23.160685021974004], [120.87639340331197, 23.15134723187201], [120.88567867125383, 23.14444585706057], [120.8880628013607, 23.122446501749096], [120.88496521960326, 23.119281274369296], [120.88939168965315, 23.11005983231384], [120.88556292759954, 23.08892081334605], [120.8691554498151, 23.05969421805902], [120.87975050417846, 23.04770789099579], [120.88009194301891, 23.036020370261973], [120.86186946543664, 23.031063821833445], [120.86060430048956, 23.00797418478985], [120.85105655083196, 23.00510751696504], [120.84895346270682, 22.994616512025495], [120.83244184068566, 22.980350130620256], [120.83017894481026, 22.97002765744703], [120.82080218766029, 22.96189196978316], [120.82473378849444, 22.952555843295798], [120.82181764270229, 22.935210770781552], [120.83327326054884, 22.91229032910154], [120.82860449656131, 22.90416398670824], [120.84042319516999, 22.882010979652577], [120.85970996276814, 22.878339743392687], [120.86488989500346, 22.87245569127834], [120.85915674273555, 22.863396794951214], [120.8695499337757, 22.857679724946266], [120.86465147333573, 22.843098975679506], [120.8531609509878, 22.857604589373185], [120.84740047236984, 22.851909364289863], [120.83741146444025, 22.864109974083895], [120.82529664302955, 22.866438565617848], [120.80101940547054, 22.85099531081076], [120.79337864447172, 22.85201039062918], [120.79258075070797, 22.84102029266246], [120.77880568459096, 22.83518954813504], [120.7550999293492, 22.86464215884149], [120.72504176830012, 22.880803549144336], [120.70433959422144, 22.88054199406314], [120.69053522673396, 22.864861246800167], [120.67907769351716, 22.862912517901794], [120.67222800463361, 22.856368733549974], [120.6605594787563, 22.859974842569844], [120.65799127030249, 22.879826620564735], [120.64852334470179, 22.877085327555633], [120.64493085869947, 22.885155778887174], [120.60535794828904, 22.872995409038495], [120.55322681475815, 22.828382952094586], [120.53058776568479, 22.832993410088182], [120.51001047629005, 22.828530701890788], [120.49272703898984, 22.837284750865148], [120.47619325118026, 22.838166437202823], [120.46877302830202, 22.83067539761452], [120.45430967655587, 22.77177338953383]]]}}, {"type": "Feature", "properties": {"COUNTYNAME": "彰化縣", "name": "彰化縣"}, "geometry": {"type": "MultiPolygon", "coordinates": [[[[120.26207870402493, 23.869669386315845], [120.26380015066955, 23.871078846078962], [120.26169868656545, 23.869013993058182], [120.26207870402493, 23.869669386315845]]], [[[120.26851552377715, 23.870563144669223], [120.27047761626598, 23.870535136900212], [120.27000683859706, 23.869637124021807], [120.26851552377715, 23.870563144669223]]], [[[120.27190771585472, 23.868446789635623], [120.2711675684148, 23.869036797567766], [120.27171381651775, 23.868706609892314], [120.27190771585472, 23.868446789635623]]], [[[120.26475969487615, 23.86676383958325], [120.26537888469339, 23.866896518046357], [120.26459430598719, 23.866428209723665], [120.26475969487615, 23.86676383958325]]], [[[120.26628544054738, 23.867174462578628], [120.26612072081053, 23.86647714445061], [120.26538732085665, 23.86549451708393], [120.26628544054738, 23.867174462578628]]], [[[120.2645113195723, 23.86604356536437], [120.26495574697553, 23.866078770711397], [120.26459236089046, 23.865586928835235], [120.2645113195723, 23.86604356536437]]], [[[120.62829678760964, 23.93148291702954], [120.63743948170982, 23.923873525178454], [120.63459552255264, 23.91311667764141], [120.62930726433027, 23.910819279769125], [120.63409468269045, 23.907715557373173], [120.63437770911933, 23.893428307247998], [120.62735687009955, 23.889663573697995], [120.6254660868115, 23.872635465704317], [120.61988545996086, 23.868275743965192], [120.62785356517641, 23.857387412560136], [120.61554880089606, 23.840367016335783], [120.62616758305805, 23.841953200210273], [120.62910532080092, 23.838716419704973], [120.62497518307545, 23.83661135915077], [120.63363154632864, 23.833973011435866], [120.62419192316239, 23.83172220309089], [120.62361946363211, 23.82943392236778], [120.6370502203606, 23.83277567700665], [120.63436027822287, 23.831114600114685], [120.64003067895601, 23.825132342247258], [120.6372191035386, 23.825830092999578], [120.63377147236672, 23.825851062829283], [120.65089462531998, 23.81250245674939], [120.67633749197928, 23.81922474976333], [120.67897397410262, 23.805925410079833], [120.68389427448909, 23.803355545904232], [120.64252033489049, 23.78572941884599], [120.58692774840151, 23.791918485292076], [120.5513656991416, 23.801116868830285], [120.50883019569582, 23.800424868488765], [120.45208175739536, 23.81721637322182], [120.43314965453851, 23.83015730517283], [120.41035381681796, 23.826373818076515], [120.37031112266615, 23.828558377211063], [120.35814044022764, 23.822805703475893], [120.30814032834708, 23.82029746489297], [120.25615721311182, 23.833792509131214], [120.24223815461872, 23.842329981792222], [120.26196286954169, 23.86790685002637], [120.26488396701451, 23.86402939700073], [120.268291980907, 23.86959377847837], [120.27607290412575, 23.86654094373044], [120.2870934581654, 23.87468982877322], [120.31909516292626, 23.93583953101871], [120.3044049492348, 23.94062918551609], [120.32366833105627, 23.966471221140843], [120.33044926186795, 23.989265873422855], [120.3489899918935, 23.99044242010559], [120.3520184674405, 24.011041739966803], [120.36752299310575, 24.030972962032614], [120.36751771111444, 24.03111072537998], [120.3664142584804, 24.03209702630145], [120.36377525793986, 24.035146974380343], [120.37012259383299, 24.032159813807727], [120.37152460771516, 24.039824476145746], [120.37999514192876, 24.044154796337686], [120.37599405499127, 24.046969041445344], [120.38168247984574, 24.044682981872644], [120.40669726335574, 24.055499805824077], [120.37799255365981, 24.057992873621686], [120.37752590592757, 24.076518773555236], [120.39641969898274, 24.085878026894836], [120.42720907435539, 24.08386202091076], [120.43515181378147, 24.089821794686365], [120.43081566246845, 24.091645236824025], [120.43534313293021, 24.09361232630274], [120.43104217861045, 24.09504090313094], [120.4365117575599, 24.1214327123515], [120.41760668915352, 24.121370768709795], [120.41192314584936, 24.10329771031428], [120.394196711219, 24.106350292238837], [120.38860127142983, 24.097228865757753], [120.37990451581639, 24.09502684840608], [120.4040168934378, 24.12586616597626], [120.41402819310422, 24.13188189487521], [120.41078250507853, 24.134479167775417], [120.41983739432011, 24.13682102256597], [120.4391666163272, 24.15864645215115], [120.46383329825245, 24.161269594331657], [120.46746007702858, 24.16559857975258], [120.46219823642808, 24.168220286774073], [120.4709360524822, 24.17754873127703], [120.46717424765806, 24.17904566973073], [120.4671318532352, 24.179258780022707], [120.46925377676867, 24.18249560292723], [120.47108976457054, 24.177764545614632], [120.48590467268795, 24.197417093735208], [120.50834356773328, 24.186774312573704], [120.52578361845397, 24.14902328629534], [120.52363265196765, 24.13956542731099], [120.54542204650245, 24.116466082420057], [120.61251115074064, 24.102540697328205], [120.61850018858888, 24.07547903332677], [120.62545225896008, 24.068740100253905], [120.62513081920378, 24.03018426908761], [120.63607689415346, 24.03107568263923], [120.64467893359318, 24.02586066902744], [120.64648774312623, 24.033971987879895], [120.67866422186995, 24.014030719026568], [120.67008284417867, 24.009925968837955], [120.6725516909597, 24.00579759850241], [120.6380393257197, 24.007438112997562], [120.6365589508293, 23.994943308262833], [120.65019494948214, 23.983800678432047], [120.64686285160676, 23.96340757198545], [120.6365862711905, 23.952747498817182], [120.63092424585292, 23.95635221694796], [120.6268362276461, 23.9564190146073], [120.6335246927166, 23.953780855658636], [120.62734670485436, 23.952005378113324], [120.63763468582917, 23.935510027304048], [120.62829678760964, 23.93148291702954]]]]}}, {"type": "Feature", "properties": {"COUNTYNAME": "嘉義縣", "name": "嘉義縣"}, "geometry": {"type": "MultiPolygon", "coordinates": [[[[120.13550411392674, 23.436363863184557], [120.13714580376703, 23.435483581965936], [120.13775616884989, 23.43471548896922], [120.13550411392674, 23.436363863184557]]], [[[120.13517352372928, 23.423132372334244], [120.13546970063709, 23.42374127595184], [120.13689744997347, 23.421341426304505], [120.13517352372928, 23.423132372334244]]], [[[120.14173164502466, 23.41180295220321], [120.14967342958623, 23.391756098513067], [120.1491277032122, 23.39109506106636], [120.1454085792468, 23.397924290384], [120.14173164502466, 23.41180295220321]]], [[[120.14900187482782, 23.47886810358189], [120.1483454024335, 23.478792237531636], [120.14842605920754, 23.4790613780312], [120.14900187482782, 23.47886810358189]]], [[[120.14790339203044, 23.477980995648647], [120.14797007002507, 23.477677372865937], [120.14786419003563, 23.47767135842033], [120.14790339203044, 23.477980995648647]]], [[[120.13994611101403, 23.477248865709694], [120.14038432070795, 23.47695451023994], [120.13983255791703, 23.4770896904447], [120.13994611101403, 23.477248865709694]]], [[[120.14143862597624, 23.476130960879676], [120.14194554666722, 23.47612968827888], [120.14194248188035, 23.47592233616968], [120.14143862597624, 23.476130960879676]]], [[[120.1426054141489, 23.47538324732029], [120.1428640693595, 23.475225669088708], [120.14280230607362, 23.475159766361866], [120.1426054141489, 23.47538324732029]]], [[[120.6519683977136, 23.29115642805552], [120.64711125268026, 23.29736518288519], [120.64349617927199, 23.295819467079806], [120.64315803338954, 23.27603798716821], [120.63826031882864, 23.26930151312841], [120.64854091691993, 23.249121832029132], [120.65311544334723, 23.224316911170888], [120.62828824309582, 23.229438793967603], [120.60983067356005, 23.222627805191813], [120.59725628775908, 23.22899586055209], [120.59248835580962, 23.239846836600616], [120.57824132019417, 23.214778702494204], [120.56534884366208, 23.220976135500898], [120.55502241660687, 23.217450086503867], [120.54146794265573, 23.22782372905396], [120.52636458332226, 23.23106676570106], [120.51898926271107, 23.23920583308518], [120.53228831108288, 23.25515224320755], [120.52044105553439, 23.27170821828262], [120.52627784547514, 23.295408649197544], [120.52252506210996, 23.31175903866353], [120.53997653608121, 23.327908971535813], [120.53370881393123, 23.336474747203106], [120.50507793953156, 23.344822684435105], [120.50473932186033, 23.354723139773405], [120.51246714071422, 23.356356960436056], [120.50484920451753, 23.368898578405084], [120.48846235411017, 23.373058946551282], [120.48395301052834, 23.36957447244694], [120.48455786405856, 23.379658757604755], [120.49892416515824, 23.387179973469333], [120.49492414674783, 23.394350732552397], [120.49010334872824, 23.395538408178002], [120.47937628076666, 23.387595002212098], [120.47333060430529, 23.398124306821902], [120.43987575097891, 23.413727124246392], [120.42003615583023, 23.403435046283448], [120.40810699752936, 23.41342460496125], [120.38109637972644, 23.403434027979213], [120.34862761967868, 23.401096376479988], [120.33389843413285, 23.386135482042217], [120.32343073921542, 23.38358473800267], [120.31484600959543, 23.388497778449256], [120.3109716150006, 23.37544418058574], [120.29287923466532, 23.37536781185007], [120.28582714673882, 23.367139102312745], [120.28622734737549, 23.350289311103623], [120.27777013735076, 23.347699088562194], [120.26739322159781, 23.353397982087866], [120.26071530142111, 23.34447208095602], [120.26749495560756, 23.344752552241115], [120.26708212231834, 23.340662372255792], [120.2575312090076, 23.331770155805714], [120.23787908567289, 23.326900789658183], [120.22081937769595, 23.295962320833038], [120.20601176676202, 23.291476627169086], [120.18842862314374, 23.301235038954974], [120.18926315956593, 23.290442168048504], [120.18007293909939, 23.291120898118116], [120.16857242649847, 23.30682593831493], [120.14971080518121, 23.313198750332713], [120.14750065824131, 23.320690104598082], [120.13236130801963, 23.3297379379327], [120.11806747142766, 23.34018431147561], [120.11741260970686, 23.340837101653257], [120.12170997879646, 23.34076719183235], [120.11734588320601, 23.34247187870094], [120.12289963047596, 23.354640573598374], [120.13840325424502, 23.37382376297842], [120.1565631138765, 23.375475456660617], [120.15709057774399, 23.37957769760042], [120.14728799290374, 23.37649089056737], [120.14845414422336, 23.38258537920049], [120.1433865981319, 23.377837586208663], [120.1435079191643, 23.384242524261687], [120.13942092855574, 23.38461301798522], [120.15236356537889, 23.38797923759891], [120.15640111385083, 23.379799784176374], [120.15811507059931, 23.37966664937604], [120.16625045433993, 23.393243709467963], [120.16185207106903, 23.39451591350275], [120.1599730800608, 23.406105073593512], [120.15163530936185, 23.39850647816189], [120.14940766611983, 23.406126975132974], [120.14952853213848, 23.423011666557198], [120.15599818699836, 23.42728189484528], [120.14550831250777, 23.428577248707732], [120.14688919068698, 23.43834860513057], [120.1555993593562, 23.448245463527694], [120.1509623910104, 23.448960744234704], [120.15224277051651, 23.454835099111204], [120.13868672970314, 23.448922817161925], [120.13876582503195, 23.452645934124686], [120.1353923079619, 23.447685668407733], [120.13325028638616, 23.451565676249803], [120.14481478033599, 23.459808418475184], [120.14486496531384, 23.473386213433905], [120.15578878745065, 23.48405437995892], [120.15522580804684, 23.491062882836378], [120.16935654678137, 23.489872535181277], [120.16994961883178, 23.49173123484028], [120.15785249222253, 23.495023009539306], [120.12466842326722, 23.48871150247729], [120.11942754817214, 23.495470147838365], [120.1194391044124, 23.51716832244196], [120.14584068776958, 23.520804584067026], [120.18094217913666, 23.509871200662715], [120.19932246930387, 23.513050432602398], [120.2230390163588, 23.50430841232954], [120.23708382519641, 23.50695803395983], [120.247062990556, 23.51513985602411], [120.24355058548021, 23.543757156162748], [120.25610568588165, 23.54607503138899], [120.26342128899995, 23.533549979202707], [120.27196179245522, 23.53075952492428], [120.27640745351134, 23.543500552441483], [120.29088059905101, 23.550748111202594], [120.29020975461671, 23.562424803901923], [120.31059524762978, 23.564481290969695], [120.30737651628482, 23.574627367736245], [120.32715942197575, 23.57427292071757], [120.3331061266672, 23.57912074800646], [120.33448322487955, 23.592694127829198], [120.35897769505702, 23.594981602604747], [120.36649684990117, 23.607799699190323], [120.37999008014891, 23.609998213549083], [120.38607201379173, 23.620695567599835], [120.40263485175898, 23.62693940835481], [120.40146123851535, 23.63291550086622], [120.40589236167207, 23.633655016881487], [120.40670263863785, 23.625121854727755], [120.41582595877136, 23.62138363685584], [120.42064897736576, 23.62516994824653], [120.42522147447954, 23.618009751167957], [120.43684716714822, 23.621787037571792], [120.43527858138967, 23.62551104468548], [120.44455318353904, 23.630542889664326], [120.45315571251518, 23.63062352053587], [120.454219096675, 23.626299720393614], [120.47906096907106, 23.632923614015677], [120.48739382797875, 23.630576752992816], [120.48875382485255, 23.635915509300393], [120.50358971571166, 23.63529603648532], [120.51024851136177, 23.619341312200465], [120.53689395278423, 23.59474968651307], [120.5561745912987, 23.592984463188785], [120.5813035861765, 23.582112481530025], [120.58980130829094, 23.58572510366613], [120.61888582670527, 23.584133329290115], [120.62340236300126, 23.590102387722148], [120.64855216107743, 23.59341911611437], [120.649204208093, 23.58357517013936], [120.64342393154361, 23.57596962154064], [120.65083283529799, 23.572441072878213], [120.6699862834753, 23.57850290352702], [120.6762147475398, 23.570505052165654], [120.69353942824472, 23.576318020769182], [120.70902521009896, 23.575640113793913], [120.71765812964203, 23.569047771821293], [120.73615378063558, 23.570448781492516], [120.72989283158044, 23.593664285873857], [120.73264314650473, 23.59716148089207], [120.72483744809065, 23.603805774362442], [120.73002399158734, 23.610529058176272], [120.75254012127021, 23.614827149281187], [120.79499655567705, 23.597182182907126], [120.81703893014503, 23.599817826175283], [120.82550693640064, 23.586395164806973], [120.81983682138296, 23.57757957638699], [120.82064007987418, 23.562436785257187], [120.8089093939262, 23.54600117710413], [120.80861276999188, 23.53602480426703], [120.82029331849418, 23.52144190202814], [120.82287543794435, 23.49850863329748], [120.83276117685106, 23.47458993650315], [120.839162786263, 23.471133601093477], [120.86340320949787, 23.47357052907018], [120.88045131780554, 23.467599849631267], [120.88643889464117, 23.475483294411692], [120.90262879075914, 23.476133338120018], [120.93117748825449, 23.470608866215038], [120.93733025140477, 23.473106077531863], [120.94761026754955, 23.467077700302728], [120.95758464915022, 23.469496445005205], [120.93637230238036, 23.46362176330066], [120.92848896424664, 23.455475036592667], [120.92123851286009, 23.45914467160383], [120.90067960299957, 23.45420433409176], [120.88675370501547, 23.43484050722572], [120.84987257710988, 23.420425733356804], [120.8493842201633, 23.412076654953598], [120.83834133219496, 23.39798037540168], [120.84100407787551, 23.39493294710681], [120.83074295735152, 23.386297940588697], [120.82538594104014, 23.37164897481829], [120.80387884530498, 23.370406392654452], [120.80065686316675, 23.36068067345938], [120.79201612706191, 23.357296356404984], [120.78333424726303, 23.342214531445943], [120.75793547057245, 23.344179058007914], [120.75286457954464, 23.32697655399028], [120.73224099773824, 23.31373002646077], [120.73058439069268, 23.305597188000014], [120.71232721194772, 23.308695497986637], [120.70674116980324, 23.30463925638483], [120.69960068559713, 23.28445773439478], [120.6584157389988, 23.29592948127554], [120.6519683977136, 23.29115642805552]], [[120.39414145043601, 23.46252766245565], [120.42930183817928, 23.461035199787425], [120.43018339989707, 23.452231826694483], [120.43969330927787, 23.439563504368927], [120.45255261575224, 23.444568973342477], [120.4686881720279, 23.461599261462542], [120.49523235445339, 23.452892231050484], [120.49974033418704, 23.46543139357244], [120.50936058852785, 23.474302464295626], [120.50178793609396, 23.480929229933906], [120.50121605779381, 23.489939610502688], [120.48440744605522, 23.495054908295874], [120.48316606308609, 23.505367874038154], [120.47355862312459, 23.506861789008227], [120.46546288238979, 23.498740781260427], [120.45687873475501, 23.51570577082805], [120.4406007497266, 23.518232820855047], [120.44096119517174, 23.511980926387217], [120.43352409236186, 23.517094136441678], [120.43317208812336, 23.50889147261098], [120.41667212527923, 23.50531783664962], [120.4118879640988, 23.498987795269503], [120.40836045290864, 23.49855439904022], [120.4088169658836, 23.506570493661165], [120.40037401986999, 23.498797037220957], [120.38944255251171, 23.498731863276497], [120.38976057914034, 23.49134409187019], [120.39470769206534, 23.49065914924756], [120.39365663894326, 23.482600093537435], [120.39910856976108, 23.478702117226852], [120.39414145043601, 23.46252766245565]]]]}}, {"type": "Feature", "properties": {"COUNTYNAME": "金門縣", "name": "金門縣"}, "geometry": {"type": "MultiPolygon", "coordinates": [[[[118.3648311214179, 24.428418953225275], [118.3448441253798, 24.41523891990059], [118.32771676397569, 24.387106190780578], [118.32012351570833, 24.38591542819035], [118.30447941225947, 24.395687353477705], [118.29590015344908, 24.39591983577398], [118.27814802231286, 24.413575124380316], [118.29572018543129, 24.414047732865498], [118.30088630058945, 24.424344577282234], [118.31079300960556, 24.4283700782705], [118.30303561434123, 24.46161539719774], [118.28725679091711, 24.469905908941907], [118.29174107157921, 24.478445061160844], [118.3144306477589, 24.489897642388268], [118.34492162978017, 24.466968892951737], [118.37356585059018, 24.461357917006026], [118.38633372444916, 24.472798350089658], [118.37893533764856, 24.483468985637757], [118.38701104872582, 24.483439597756416], [118.39503161049717, 24.49095320704855], [118.3924551167998, 24.50923370098156], [118.41116146633928, 24.516952694176606], [118.40790817915368, 24.529475860126933], [118.41422998500404, 24.52426191717917], [118.42328164692944, 24.52881999300899], [118.43264733414446, 24.508701740832098], [118.44895158577516, 24.5078531527249], [118.44879308448321, 24.497913368912055], [118.45892995800544, 24.480134408309095], [118.46921072313347, 24.47926982756184], [118.46155897312393, 24.474694998265722], [118.4644074269152, 24.456747926683054], [118.4729326157776, 24.450425754339992], [118.47044087514165, 24.44621084841622], [118.47273317518422, 24.441287132236585], [118.46119567413353, 24.436739177503668], [118.46566147437447, 24.428587378357324], [118.45590395347772, 24.42529338746955], [118.45172859578766, 24.414755627173733], [118.42799349063009, 24.406863219719625], [118.43298823447843, 24.412596807643848], [118.42599764368357, 24.410918096489457], [118.43421426668601, 24.414032120789898], [118.42841287932171, 24.424844148154037], [118.4093064747223, 24.427679125506433], [118.41088168355233, 24.431250567781216], [118.40322673957908, 24.434276881890987], [118.3860073043109, 24.435015298695003], [118.3648311214179, 24.428418953225275]]], [[[118.26708601014673, 24.443314678573785], [118.26288820326052, 24.422718963096735], [118.2622518390408, 24.422237286800296], [118.24948784074472, 24.423144196520006], [118.24559333707923, 24.413693826929567], [118.23475531706201, 24.413902302583352], [118.2256739425247, 24.404723129020592], [118.21135837834935, 24.41267663509382], [118.21965199777534, 24.41538467306498], [118.21712336915103, 24.425641161782057], [118.22724697305861, 24.430416872249776], [118.22993563142845, 24.447650474257312], [118.24362688270942, 24.449185681766288], [118.24621737645417, 24.453260879520464], [118.26708601014673, 24.443314678573785]]], [[[118.43666965303487, 24.52222301334431], [118.437901109393, 24.524633134489818], [118.4389571147736, 24.524866680327328], [118.43666965303487, 24.52222301334431]]], [[[118.22888773163946, 24.402815014152623], [118.23018553472113, 24.40437250857667], [118.23138523949369, 24.403089840036877], [118.22888773163946, 24.402815014152623]]], [[[118.41188716836324, 24.52817102556957], [118.4115176358339, 24.53020301930993], [118.41344696749906, 24.52884386096118], [118.41188716836324, 24.52817102556957]]], [[[118.45585236354263, 24.413672563379023], [118.4575163701364, 24.414095794995273], [118.45599273081886, 24.4127866359413], [118.45585236354263, 24.413672563379023]]], [[[118.47283226463381, 24.447289886330736], [118.47678925305303, 24.44839293832174], [118.47388491594357, 24.447041674674168], [118.47283226463381, 24.447289886330736]]], [[[118.34585248060228, 24.409089215005324], [118.34628206073091, 24.408454955064535], [118.34501255407795, 24.408091817964827], [118.34585248060228, 24.409089215005324]]], [[[118.45778027570006, 24.415938280488714], [118.45859190619052, 24.41733976298656], [118.4579232848183, 24.41570413128913], [118.45778027570006, 24.415938280488714]]], [[[118.33732268836302, 24.3950699953932], [118.33801944926829, 24.394704332066794], [118.33757961529875, 24.394338597491053], [118.33732268836302, 24.3950699953932]]], [[[118.47788243886563, 24.446829537057187], [118.47839911273182, 24.44828148928078], [118.47806057045796, 24.44661739628864], [118.47788243886563, 24.446829537057187]]], [[[118.24215980161343, 24.459883530109444], [118.2419912438364, 24.460478462535637], [118.24250955281775, 24.460461797520285], [118.24215980161343, 24.459883530109444]]], [[[118.33810568090702, 24.389643060989535], [118.33869638676359, 24.389572435755046], [118.33808227832245, 24.389082864587493], [118.33810568090702, 24.389643060989535]]], [[[118.466960642614, 24.462383516967787], [118.46764134122013, 24.46264432424222], [118.46711794197705, 24.461779008527873], [118.466960642614, 24.462383516967787]]], [[[118.23190737078241, 24.45747511494622], [118.23191852318399, 24.457952928951794], [118.2323475463124, 24.457732859251877], [118.23190737078241, 24.45747511494622]]], [[[118.23147190615025, 24.468325858614858], [118.23185045344103, 24.468582828410106], [118.23181936843763, 24.468329965873746], [118.23147190615025, 24.468325858614858]]], [[[118.33599020334889, 24.38643452539758], [118.33631599080304, 24.386374204974594], [118.33617895586065, 24.386235798707958], [118.33599020334889, 24.38643452539758]]]]}}, {"type": "Feature", "properties": {"COUNTYNAME": "新竹市", "name": "新竹市"}, "geometry": {"type": "Polygon", "coordinates": [[[120.8925053142502, 24.788398272588783], [120.92100843551994, 24.843182756425527], [120.91323627190252, 24.851920314063996], [120.92325681732717, 24.844617131543785], [120.92542265954211, 24.8500039733091], [120.92140749221485, 24.847780745109706], [120.92068782792467, 24.85017091989166], [120.91296021743752, 24.85378918157757], [120.91417607576184, 24.854060750579794], [120.92825429173412, 24.851971536045333], [120.9331696131803, 24.843583689201527], [120.93556063577704, 24.852272826268013], [120.95530110388971, 24.834342162161477], [120.98301576022268, 24.83096251272202], [121.00053454738575, 24.821968966660243], [121.02571371626333, 24.799099451097156], [121.02061349428124, 24.79880229590874], [121.02063364212843, 24.793985519730352], [121.03277334747459, 24.762071869396433], [121.02062216982951, 24.756606902274566], [121.0135928414102, 24.77090916952524], [120.99297822724809, 24.780574172795724], [120.98322672902124, 24.773305260628906], [120.98835386703153, 24.76806468223658], [120.97949742792044, 24.763307836986723], [120.96982124948117, 24.765152318827187], [120.95767236219356, 24.7454190649122], [120.94416100341994, 24.74428137740302], [120.93543452074101, 24.712604039038222], [120.91365553845026, 24.717355555266206], [120.91626376746048, 24.721508328895677], [120.90784105597137, 24.741071128983716], [120.89526078716362, 24.732679275989405], [120.88103916782731, 24.733273273704423], [120.88352225527485, 24.743876896549622], [120.89952106575629, 24.759793621374588], [120.89136141383075, 24.774757172618646], [120.8925053142502, 24.788398272588783]]]}}]}